Station,Station.Id,State.Code,State.Name,Network.Co,Network.Na,Elevation,Latitude,Longitude,County.Nam,County.Cod,Start.Date,End.Date,Aspect_tif,Slope_tif1,join_lat,join_lon,distance,Station Name,Southness,Lancover_code,Landcover_detail,Koppen_code_ID,Koppen_code_name,KoppenClass,elevation prompt,southness prompt,koppen prompt,landcover prompt
Adin Mtn,301,CA,CALIFORNIA,SNTL,SNOTEL,6190,41.23583,-120.79192,Modoc,49,10/1/1983,1/1/2100,356.22595,5.34263,41.24687255,-120.7854486,0.012799106,Adin Mtn,0.27308443,42,Evergreen Forest,7,BSk,Arid-steppe-cold,This location has moderate elevation,This location has high southness,This location has a climate with low precipitation and cooler temperatures.,"This location has forests dominated by trees that retain their leaves throughout the year, typically found in regions with a moderate to high amount of rainfall."
Aneroid Lake 2,302,OR,OREGON,SNTL,SNOTEL,7400,45.21328,-117.19258,Wallowa,63,10/1/1980,1/1/2100,243.40767,4.92824,45.22411432,-117.1796522,0.016867477,Aneroid Lake #2,0.064188356,42,Evergreen Forest,18,Dsb,Cold-dry_summer-warm_summer,This location has moderate elevation,This location has high southness,"This location has a continental climate with warm summers and cold winters, characterized by significant seasonal temperature variation and relatively low precipitation.","This location has forests dominated by trees that retain their leaves throughout the year, typically found in regions with a moderate to high amount of rainfall."
Apishapa,303,CO,COLORADO,SNTL,SNOTEL,10027,37.33067,-105.06766,Huerfano,55,10/1/1979,1/1/2100,102.64851,6.75707,37.32644852,-105.0567158,0.011730103,Apishapa,-0.237260255,43,Mixed Forest,7,BSk,Arid-steppe-cold,This location has very high elevation,This location has moderate southness,This location has a climate with low precipitation and cooler temperatures.,"This location has forests characterized by a combination of both evergreen and deciduous trees, often found in temperate regions with moderate climates."
Arbuckle Mtn,304,OR,OREGON,SNTL,SNOTEL,5770,45.19085,-119.25392,Morrow,49,10/1/1978,1/1/2100,140.05367,2.62026,45.16729658,-119.231226,0.03270752,Arbuckle Mtn,-0.124565305,42,Evergreen Forest,7,BSk,Arid-steppe-cold,This location has low elevation,This location has moderate southness,This location has a climate with low precipitation and cooler temperatures.,"This location has forests dominated by trees that retain their leaves throughout the year, typically found in regions with a moderate to high amount of rainfall."
Atlanta Summit,306,ID,IDAHO,SNTL,SNOTEL,7580,43.7569,-115.23907,Elmore,39,10/1/1978,1/1/2100,324.15222,14.8124,43.74685309,-115.2524161,0.01670507,Atlanta Summit,-0.657922231,52,Shrub_Scrub,17,Dsa,Cold-dry_summer-hot_summer,This location has moderate elevation,This location has low southness,"This location has a continental climate with hot summers and cold winters, featuring significant seasonal temperature variation and relatively low precipitation.","This location has areas dominated by shrubs and small trees, often found in regions with dry or semi-arid climates, or as a transitional stage in forest succession."
Baker Butte,308,AZ,ARIZONA,SNTL,SNOTEL,7363,34.45654,-111.40651,Coconino,5,10/1/1965,1/1/2100,301.38187,2.95879,34.42874381,-111.3979441,0.029086141,Baker Butte,0.177753636,42,Evergreen Forest,8,Csa,Temperate-dry_summer-hot_summer,This location has moderate elevation,This location has high southness,"This location has a climate with hot, dry summers and mild, wet winters.","This location has forests dominated by trees that retain their leaves throughout the year, typically found in regions with a moderate to high amount of rainfall."
Bald Mtn,309,WY,WYOMING,SNTL,SNOTEL,9380,44.8007,-107.84442,Big Horn,3,10/1/1975,1/1/2100,353.00418,13.84888,44.82639014,-107.8543165,0.027530435,Bald Mtn,0.395299608,42,Evergreen Forest,26,Dfb,Cold-no_dry_season-warm_summer,This location has very high elevation,This location has very high southness,"This location has a climate with warm summers and cold winters, with significant precipitation throughout the year.","This location has forests dominated by trees that retain their leaves throughout the year, typically found in regions with a moderate to high amount of rainfall."
Baldy,310,AZ,ARIZONA,SNTL,SNOTEL,9221,33.97845,-109.50357,Apache,1,11/1/1949,1/1/2100,69.12751,7.36216,33.97420189,-109.5328769,0.029613232,Baldy,0.881405535,42,Evergreen Forest,7,BSk,Arid-steppe-cold,This location has very high elevation,This location has very high southness,This location has a climate with low precipitation and cooler temperatures.,"This location has forests dominated by trees that retain their leaves throughout the year, typically found in regions with a moderate to high amount of rainfall."
Banfield Mountain,311,MT,MONTANA,SNTL,SNOTEL,5600,48.5712,-115.44573,Lincoln,53,10/1/1968,1/1/2100,357.13345,6.72606,48.57636095,-115.4389228,0.008542419,Banfield Mountain,0.228607405,42,Evergreen Forest,18,Dsb,Cold-dry_summer-warm_summer,This location has low elevation,This location has high southness,"This location has a continental climate with warm summers and cold winters, characterized by significant seasonal temperature variation and relatively low precipitation.","This location has forests dominated by trees that retain their leaves throughout the year, typically found in regions with a moderate to high amount of rainfall."
Banner Summit,312,ID,IDAHO,SNTL,SNOTEL,7040,44.30342,-115.23447,Boise,15,10/1/1979,1/1/2100,33.21365,7.6427,44.31503049,-115.2524161,0.021374442,Banner Summit,-0.219981515,42,Evergreen Forest,18,Dsb,Cold-dry_summer-warm_summer,This location has moderate elevation,This location has moderate southness,"This location has a continental climate with warm summers and cold winters, characterized by significant seasonal temperature variation and relatively low precipitation.","This location has forests dominated by trees that retain their leaves throughout the year, typically found in regions with a moderate to high amount of rainfall."
Barker Lakes,313,MT,MONTANA,SNTL,SNOTEL,8250,46.09713,-113.13038,Deer Lodge,23,8/1/1977,1/1/2100,126.20293,5.36516,46.07638041,-113.1386734,0.022345594,Barker Lakes,-0.681683799,42,Evergreen Forest,26,Dfb,Cold-no_dry_season-warm_summer,This location has high elevation,This location has low southness,"This location has a climate with warm summers and cold winters, with significant precipitation throughout the year.","This location has forests dominated by trees that retain their leaves throughout the year, typically found in regions with a moderate to high amount of rainfall."
Base Camp,314,WY,WYOMING,SNTL,SNOTEL,7060,43.94019,-110.44544,Teton,39,10/1/1979,1/1/2100,55.58833,5.80228,43.91730631,-110.4654105,0.030372428,Base Camp,-0.265172007,42,Evergreen Forest,26,Dfb,Cold-no_dry_season-warm_summer,This location has moderate elevation,This location has moderate southness,"This location has a climate with warm summers and cold winters, with significant precipitation throughout the year.","This location has forests dominated by trees that retain their leaves throughout the year, typically found in regions with a moderate to high amount of rainfall."
Basin Creek,315,MT,MONTANA,SNTL,SNOTEL,7180,45.79737,-112.52047,Silver Bow,93,10/1/1976,1/1/2100,336.40356,6.9512,45.79229172,-112.5169843,0.006159447,Basin Creek,-0.599687,42,Evergreen Forest,7,BSk,Arid-steppe-cold,This location has moderate elevation,This location has low southness,This location has a climate with low precipitation and cooler temperatures.,"This location has forests dominated by trees that retain their leaves throughout the year, typically found in regions with a moderate to high amount of rainfall."
Bateman,316,NM,NEW MEXICO,SNTL,SNOTEL,9249,36.51174,-106.31543,Rio Arriba,39,10/1/1978,1/1/2100,40.67889,8.93384,36.53100017,-106.3000939,0.024620095,Bateman,-0.465294481,43,Mixed Forest,26,Dfb,Cold-no_dry_season-warm_summer,This location has very high elevation,This location has low southness,"This location has a climate with warm summers and cold winters, with significant precipitation throughout the year.","This location has forests characterized by a combination of both evergreen and deciduous trees, often found in temperate regions with moderate climates."
Battle Mountain,317,WY,WYOMING,SNTL,SNOTEL,7498,41.05402,-107.26674,Carbon,7,10/1/1985,1/1/2100,93.87567,10.48455,41.07641933,-107.2947964,0.035901136,Battle Mountain,-0.812549733,41,Deciduous Forest,7,BSk,Arid-steppe-cold,This location has moderate elevation,This location has low southness,This location has a climate with low precipitation and cooler temperatures.,"This location has forests where trees lose their leaves seasonally, typically found in regions with distinct seasons including a warm growing season and a cold winter."
Beagle Springs,318,MT,MONTANA,SNTL,SNOTEL,8850,44.47147,-112.98191,Beaverhead,1,10/1/1976,1/1/2100,94.1339,13.17253,44.48548371,-112.9521667,0.032879318,Beagle Springs,0.566025087,42,Evergreen Forest,7,BSk,Arid-steppe-cold,This location has high elevation,This location has very high southness,This location has a climate with low precipitation and cooler temperatures.,"This location has forests dominated by trees that retain their leaves throughout the year, typically found in regions with a moderate to high amount of rainfall."
Bear Basin,319,ID,IDAHO,SNTL,SNOTEL,5350,44.95222,-116.14293,Adams,3,10/1/1979,1/1/2100,254.45667,1.79988,44.94002562,-116.1227808,0.02355194,Bear Basin,-0.973800801,42,Evergreen Forest,17,Dsa,Cold-dry_summer-hot_summer,This location has low elevation,This location has low southness,"This location has a continental climate with hot summers and cold winters, featuring significant seasonal temperature variation and relatively low precipitation.","This location has forests dominated by trees that retain their leaves throughout the year, typically found in regions with a moderate to high amount of rainfall."
Bear Canyon,320,ID,IDAHO,SNTL,SNOTEL,7900,43.74367,-113.93797,Custer,37,10/1/1979,1/1/2100,332.19244,6.31574,43.74685309,-113.9468691,0.009451281,Bear Canyon,0.022291552,42,Evergreen Forest,7,BSk,Arid-steppe-cold,This location has high elevation,This location has high southness,This location has a climate with low precipitation and cooler temperatures.,"This location has forests dominated by trees that retain their leaves throughout the year, typically found in regions with a moderate to high amount of rainfall."
Bear Creek,321,NV,NEVADA,SNTL,SNOTEL,8040,41.83384,-115.45278,Elko,7,3/1/1976,1/1/2100,258.99774,7.15686,41.81504995,-115.4389228,0.0233471,Bear Creek,0.14001603,52,Shrub_Scrub,7,BSk,Arid-steppe-cold,This location has high elevation,This location has high southness,This location has a climate with low precipitation and cooler temperatures.,"This location has areas dominated by shrubs and small trees, often found in regions with dry or semi-arid climates, or as a transitional stage in forest succession."
Bear Lake,322,CO,COLORADO,SNTL,SNOTEL,9522,40.31176,-105.6467,Larimer,69,10/1/1979,1/1/2100,18.12756,9.36941,40.33778872,-105.616236,0.040069319,Bear Lake,0.041531771,42,Evergreen Forest,26,Dfb,Cold-no_dry_season-warm_summer,This location has very high elevation,This location has high southness,"This location has a climate with warm summers and cold winters, with significant precipitation throughout the year.","This location has forests dominated by trees that retain their leaves throughout the year, typically found in regions with a moderate to high amount of rainfall."
Bear Saddle,324,ID,IDAHO,SNTL,SNOTEL,6180,44.60533,-116.98097,Washington,87,10/1/1979,1/1/2100,230.06487,10.98431,44.59911918,-116.9931454,0.013668048,Bear Saddle,0.746055769,42,Evergreen Forest,8,Csa,Temperate-dry_summer-hot_summer,This location has moderate elevation,This location has very high southness,"This location has a climate with hot, dry summers and mild, wet winters.","This location has forests dominated by trees that retain their leaves throughout the year, typically found in regions with a moderate to high amount of rainfall."
Bear Trap Meadow,325,WY,WYOMING,SNTL,SNOTEL,8200,43.88743,-107.06135,Johnson,19,10/1/1979,1/1/2100,282.09299,16.92991,43.86048857,-107.0461208,0.030947855,Bear Trap Meadow,-0.747934502,42,Evergreen Forest,7,BSk,Arid-steppe-cold,This location has high elevation,This location has low southness,This location has a climate with low precipitation and cooler temperatures.,"This location has forests dominated by trees that retain their leaves throughout the year, typically found in regions with a moderate to high amount of rainfall."
Beartooth Lake,326,WY,WYOMING,SNTL,SNOTEL,9360,44.94307,-109.56743,Park,29,10/1/1979,1/1/2100,2.32562,9.6589,44.94002562,-109.5950458,0.027783149,Beartooth Lake,0.158949685,42,Evergreen Forest,26,Dfb,Cold-no_dry_season-warm_summer,This location has very high elevation,This location has high southness,"This location has a climate with warm summers and cold winters, with significant precipitation throughout the year.","This location has forests dominated by trees that retain their leaves throughout the year, typically found in regions with a moderate to high amount of rainfall."
Beartown,327,CO,COLORADO,SNTL,SNOTEL,11600,37.71433,-107.5124,San Juan,111,10/1/1979,1/1/2100,131.49446,23.19411,37.7241727,-107.543472,0.032593692,Beartown,-0.839225143,42,Evergreen Forest,26,Dfb,Cold-no_dry_season-warm_summer,This location has very high elevation,This location has low southness,"This location has a climate with warm summers and cold winters, with significant precipitation throughout the year.","This location has forests dominated by trees that retain their leaves throughout the year, typically found in regions with a moderate to high amount of rainfall."
Beaver Creek,328,MT,MONTANA,SNTL,SNOTEL,7850,44.94966,-111.35852,Gallatin,31,10/1/1966,1/1/2100,233.93858,6.47725,44.94002562,-111.3357752,0.02470119,Beaver Creek,0.021184555,42,Evergreen Forest,26,Dfb,Cold-no_dry_season-warm_summer,This location has moderate elevation,This location has high southness,"This location has a climate with warm summers and cold winters, with significant precipitation throughout the year.","This location has forests dominated by trees that retain their leaves throughout the year, typically found in regions with a moderate to high amount of rainfall."
Beaver Dams,329,UT,UTAH,SNTL,SNOTEL,7990,39.13683,-111.55813,Sanpete,39,6/18/1980,1/1/2100,350.26093,11.53752,39.14461619,-111.5844508,0.027448283,Beaver Dams,0.022829281,22,Developed_Low Intensity,7,BSk,Arid-steppe-cold,This location has high elevation,This location has high southness,This location has a climate with low precipitation and cooler temperatures.,"This location has urban and suburban areas with low-density development, such as residential areas with single-family homes and associated green spaces."
Beaver Divide,330,UT,UTAH,SNTL,SNOTEL,8280,40.61233,-111.09782,Summit,43,10/1/1978,1/1/2100,264.31665,4.97125,40.62187742,-111.0870995,0.01435553,Beaver Divide,-0.881533026,42,Evergreen Forest,7,BSk,Arid-steppe-cold,This location has high elevation,This location has low southness,This location has a climate with low precipitation and cooler temperatures.,"This location has forests dominated by trees that retain their leaves throughout the year, typically found in regions with a moderate to high amount of rainfall."
Beaver Reservoir,331,OR,OREGON,SNTL,SNOTEL,5150,45.14532,-118.219,Union,61,10/1/1979,1/1/2100,356.10416,11.10771,45.16729658,-118.2365235,0.028107719,Beaver Reservoir,0.447032475,42,Evergreen Forest,8,Csa,Temperate-dry_summer-hot_summer,This location has low elevation,This location has very high southness,"This location has a climate with hot, dry summers and mild, wet winters.","This location has forests dominated by trees that retain their leaves throughout the year, typically found in regions with a moderate to high amount of rainfall."
Ben Lomond Peak,332,UT,UTAH,SNTL,SNOTEL,7689,41.37603,-111.94405,Weber,57,10/1/1978,1/1/2100,14.82669,19.59668,41.36050803,-111.9574642,0.020515176,Ben Lomond Peak,-0.432297163,42,Evergreen Forest,17,Dsa,Cold-dry_summer-hot_summer,This location has moderate elevation,This location has low southness,"This location has a continental climate with hot summers and cold winters, featuring significant seasonal temperature variation and relatively low precipitation.","This location has forests dominated by trees that retain their leaves throughout the year, typically found in regions with a moderate to high amount of rainfall."
Ben Lomond Trail,333,UT,UTAH,SNTL,SNOTEL,5972,41.38291,-111.92103,Weber,57,6/3/1980,1/1/2100,64.70494,11.02801,41.36050803,-111.8952953,0.034119246,Ben Lomond Trail,0.297551133,41,Deciduous Forest,17,Dsa,Cold-dry_summer-hot_summer,This location has low elevation,This location has high southness,"This location has a continental climate with hot summers and cold winters, featuring significant seasonal temperature variation and relatively low precipitation.","This location has forests where trees lose their leaves seasonally, typically found in regions with distinct seasons including a warm growing season and a cold winter."
Berry Creek,334,NV,NEVADA,SNTL,SNOTEL,9377,39.31917,-114.62278,White Pine,33,10/1/1980,1/1/2100,19.26669,20.50935,39.31506941,-114.6307271,0.00894265,Berry Creek,0.910635468,52,Shrub_Scrub,7,BSk,Arid-steppe-cold,This location has very high elevation,This location has very high southness,This location has a climate with low precipitation and cooler temperatures.,"This location has areas dominated by shrubs and small trees, often found in regions with dry or semi-arid climates, or as a transitional stage in forest succession."
Berthoud Summit,335,CO,COLORADO,SNTL,SNOTEL,11314,39.80364,-105.77786,Grand,49,9/1/1963,1/1/2100,119.21601,13.83463,39.82642906,-105.8027427,0.033741518,Berthoud Summit,0.941695466,52,Shrub_Scrub,26,Dfb,Cold-no_dry_season-warm_summer,This location has very high elevation,This location has very high southness,"This location has a climate with warm summers and cold winters, with significant precipitation throughout the year.","This location has areas dominated by shrubs and small trees, often found in regions with dry or semi-arid climates, or as a transitional stage in forest succession."
Big Bend,336,NV,NEVADA,SNTL,SNOTEL,6898,41.76168,-115.6931,Elko,7,10/1/1978,1/1/2100,69.2494,3.62995,41.75823221,-115.6875985,0.006492635,Big Bend,-0.464947227,52,Shrub_Scrub,7,BSk,Arid-steppe-cold,This location has moderate elevation,This location has low southness,This location has a climate with low precipitation and cooler temperatures.,"This location has areas dominated by shrubs and small trees, often found in regions with dry or semi-arid climates, or as a transitional stage in forest succession."
Big Creek Sum,337,NV,NEVADA,SNTL,SNOTEL,8685,39.29148,-117.11506,Lander,15,10/1/1980,1/1/2100,4.40857,50.86428,39.31506941,-117.1174832,0.023713545,Big Creek Sum,-0.168625062,41,Deciduous Forest,7,BSk,Arid-steppe-cold,This location has high elevation,This location has moderate southness,This location has a climate with low precipitation and cooler temperatures.,"This location has forests where trees lose their leaves seasonally, typically found in regions with distinct seasons including a warm growing season and a cold winter."
Big Creek Summit,338,ID,IDAHO,SNTL,SNOTEL,6560,44.62621,-115.79561,Valley,85,10/1/1979,1/1/2100,88.64811,9.31539,44.59911918,-115.8119363,0.031630034,Big Creek Summit,0.084645707,42,Evergreen Forest,18,Dsb,Cold-dry_summer-warm_summer,This location has moderate elevation,This location has high southness,"This location has a continental climate with warm summers and cold winters, characterized by significant seasonal temperature variation and relatively low precipitation.","This location has forests dominated by trees that retain their leaves throughout the year, typically found in regions with a moderate to high amount of rainfall."
Big Flat,339,UT,UTAH,SNTL,SNOTEL,10349,38.30183,-112.35672,Beaver,1,10/1/1978,1/1/2100,326.70502,13.18917,38.29235009,-112.3304776,0.027902161,Big Flat,0.583187286,42,Evergreen Forest,7,BSk,Arid-steppe-cold,This location has very high elevation,This location has very high southness,This location has a climate with low precipitation and cooler temperatures.,"This location has forests dominated by trees that retain their leaves throughout the year, typically found in regions with a moderate to high amount of rainfall."
Big Meadow,340,NV,NEVADA,SNTL,SNOTEL,8235,39.455,-119.9422,Washoe,31,10/1/1983,1/1/2100,58.35698,7.61433,39.42870489,-119.9150839,0.03777187,Big Meadow,-0.228564614,42,Evergreen Forest,8,Csa,Temperate-dry_summer-hot_summer,This location has high elevation,This location has moderate southness,"This location has a climate with hot, dry summers and mild, wet winters.","This location has forests dominated by trees that retain their leaves throughout the year, typically found in regions with a moderate to high amount of rainfall."
Big Red Mountain,341,OR,OREGON,SNTL,SNOTEL,6050,42.05257,-122.85487,Jackson,29,10/1/1979,1/1/2100,37.85424,16.63667,42.04232091,-122.8370224,0.020581057,Big Red Mountain,-0.791229341,42,Evergreen Forest,8,Csa,Temperate-dry_summer-hot_summer,This location has moderate elevation,This location has low southness,"This location has a climate with hot, dry summers and mild, wet winters.","This location has forests dominated by trees that retain their leaves throughout the year, typically found in regions with a moderate to high amount of rainfall."
Big Sandy Opening,342,WY,WYOMING,SNTL,SNOTEL,9080,42.6458,-109.25965,Sublette,35,3/1/1963,1/1/2100,318.75986,5.67791,42.66731604,-109.2842013,0.032645179,Big Sandy Opening,0.063477277,42,Evergreen Forest,26,Dfb,Cold-no_dry_season-warm_summer,This location has very high elevation,This location has high southness,"This location has a climate with warm summers and cold winters, with significant precipitation throughout the year.","This location has forests dominated by trees that retain their leaves throughout the year, typically found in regions with a moderate to high amount of rainfall."
Billie Creek Divide,344,OR,OREGON,SNTL,SNOTEL,5280,42.40717,-122.26617,Klamath,35,10/1/1978,1/1/2100,160.26349,6.91581,42.38322734,-122.2775023,0.026489084,Billie Creek Divide,-0.590735541,42,Evergreen Forest,8,Csa,Temperate-dry_summer-hot_summer,This location has low elevation,This location has low southness,"This location has a climate with hot, dry summers and mild, wet winters.","This location has forests dominated by trees that retain their leaves throughout the year, typically found in regions with a moderate to high amount of rainfall."
Bison Lake,345,CO,COLORADO,SNTL,SNOTEL,10964,39.76458,-107.35628,Garfield,45,9/30/1985,1/1/2100,15.93814,8.69195,39.76961132,-107.3569653,0.00507778,Bison Lake,-0.651330821,42,Evergreen Forest,26,Dfb,Cold-no_dry_season-warm_summer,This location has very high elevation,This location has low southness,"This location has a climate with warm summers and cold winters, with significant precipitation throughout the year.","This location has forests dominated by trees that retain their leaves throughout the year, typically found in regions with a moderate to high amount of rainfall."
Black Bear,347,MT,MONTANA,SNTL,SNOTEL,8170,44.50832,-111.12803,Gallatin,31,10/1/1967,1/1/2100,68.02431,3.28101,44.48548371,-111.1492685,0.031186025,Black Bear,-0.064180044,42,Evergreen Forest,26,Dfb,Cold-no_dry_season-warm_summer,This location has high elevation,This location has moderate southness,"This location has a climate with warm summers and cold winters, with significant precipitation throughout the year.","This location has forests dominated by trees that retain their leaves throughout the year, typically found in regions with a moderate to high amount of rainfall."
Black Pine,349,MT,MONTANA,SNTL,SNOTEL,7210,46.414,-113.43095,Granite,39,10/1/1965,1/1/2100,153.49783,16.00959,46.41728685,-113.4495179,0.018856576,Black Pine,0.268751516,42,Evergreen Forest,26,Dfb,Cold-no_dry_season-warm_summer,This location has moderate elevation,This location has high southness,"This location has a climate with warm summers and cold winters, with significant precipitation throughout the year.","This location has forests dominated by trees that retain their leaves throughout the year, typically found in regions with a moderate to high amount of rainfall."
Blackwater,350,WY,WYOMING,SNTL,SNOTEL,9780,44.37667,-109.79333,Park,29,10/1/1979,1/1/2100,31.40434,29.15176,44.37184823,-109.7815526,0.012726254,Blackwater,-0.769044751,52,Shrub_Scrub,26,Dfb,Cold-no_dry_season-warm_summer,This location has very high elevation,This location has low southness,"This location has a climate with warm summers and cold winters, with significant precipitation throughout the year.","This location has areas dominated by shrubs and small trees, often found in regions with dry or semi-arid climates, or as a transitional stage in forest succession."
Blazed Alder,351,OR,OREGON,SNTL,SNOTEL,3650,45.4287,-121.85605,Clackamas,5,10/1/1979,1/1/2100,181.73772,11.14625,45.45138528,-121.84232,0.026516709,Blazed Alder,-0.879373359,42,Evergreen Forest,9,Csb,Temperate-dry_summer-warm_summer,This location has low elevation,This location has low southness,"This location has a climate with warm, dry summers and mild, wet winters.","This location has forests dominated by trees that retain their leaves throughout the year, typically found in regions with a moderate to high amount of rainfall."
Blewett Pass,352,WA,WASHINGTON,SNTL,SNOTEL,4240,47.35037,-120.6796,Chelan,7,10/1/1979,1/1/2100,297.7771,23.36463,47.32637068,-120.6611108,0.030295518,Blewett Pass,0.766047189,42,Evergreen Forest,8,Csa,Temperate-dry_summer-hot_summer,This location has low elevation,This location has very high southness,"This location has a climate with hot, dry summers and mild, wet winters.","This location has forests dominated by trees that retain their leaves throughout the year, typically found in regions with a moderate to high amount of rainfall."
Blind Bull Sum,353,WY,WYOMING,SNTL,SNOTEL,8650,42.964,-110.60973,Sublette,35,10/1/1978,1/1/2100,314.91806,15.07526,42.95140474,-110.5897483,0.023620084,Blind Bull Sum,0.429105769,42,Evergreen Forest,26,Dfb,Cold-no_dry_season-warm_summer,This location has high elevation,This location has very high southness,"This location has a climate with warm summers and cold winters, with significant precipitation throughout the year.","This location has forests dominated by trees that retain their leaves throughout the year, typically found in regions with a moderate to high amount of rainfall."
Blind Park,354,SD,SOUTH DAKOTA,SNTL,SNOTEL,6890,44.10772,-103.97688,Pennington,103,10/1/1989,1/1/2100,94.5297,1.53397,44.08775953,-104.1241823,0.148648526,Blind Park,0.959871709,42,Evergreen Forest,25,Dfa,Cold-no_dry_season-hot_summer,This location has moderate elevation,This location has very high southness,"This location has a climate with hot summers and cold winters, with significant precipitation throughout the year.","This location has forests dominated by trees that retain their leaves throughout the year, typically found in regions with a moderate to high amount of rainfall."
Bloody Dick,355,MT,MONTANA,SNTL,SNOTEL,7600,45.16507,-113.50099,Beaverhead,1,10/1/1976,1/1/2100,130.85567,2.73481,45.16729658,-113.5116868,0.010926087,Bloody Dick,0.182556755,42,Evergreen Forest,7,BSk,Arid-steppe-cold,This location has moderate elevation,This location has high southness,This location has a climate with low precipitation and cooler temperatures.,"This location has forests dominated by trees that retain their leaves throughout the year, typically found in regions with a moderate to high amount of rainfall."
Blue Lakes,356,CA,CALIFORNIA,SNTL,SNOTEL,8067,38.608,-119.92437,Alpine,3,10/1/1980,1/1/2100,274.9053,9.6141,38.63325653,-119.9150839,0.026909543,Blue Lakes,-0.0030002,42,Evergreen Forest,8,Csa,Temperate-dry_summer-hot_summer,This location has high elevation,This location has moderate southness,"This location has a climate with hot, dry summers and mild, wet winters.","This location has forests dominated by trees that retain their leaves throughout the year, typically found in regions with a moderate to high amount of rainfall."
Blue Mountain Spring,357,OR,OREGON,SNTL,SNOTEL,5870,44.24767,-118.51722,Grant,23,10/1/1978,1/1/2100,147.57906,4.5703,44.25821275,-118.547368,0.031938283,Blue Mountain Spring,0.987080222,42,Evergreen Forest,7,BSk,Arid-steppe-cold,This location has low elevation,This location has very high southness,This location has a climate with low precipitation and cooler temperatures.,"This location has forests dominated by trees that retain their leaves throughout the year, typically found in regions with a moderate to high amount of rainfall."
Bone Springs Div,358,WY,WYOMING,SNTL,SNOTEL,9350,44.67888,-107.5811,Sheridan,33,10/1/1978,1/1/2100,300.47501,11.28705,44.65593692,-107.6056409,0.033595258,Bone Springs Div,-0.419128431,71,Grassland_Herbaceous,26,Dfb,Cold-no_dry_season-warm_summer,This location has very high elevation,This location has low southness,"This location has a climate with warm summers and cold winters, with significant precipitation throughout the year.","This location has areas dominated by grasses and other herbaceous plants, often found in regions with moderate to low rainfall and no trees."
Boulder Mountain,360,MT,MONTANA,SNTL,SNOTEL,7950,46.5596,-111.28973,Meagher,59,10/1/1976,1/1/2100,87.67329,6.19001,46.58774007,-111.2736063,0.032432059,Boulder Mountain,-0.089120757,42,Evergreen Forest,7,BSk,Arid-steppe-cold,This location has high elevation,This location has moderate southness,This location has a climate with low precipitation and cooler temperatures.,"This location has forests dominated by trees that retain their leaves throughout the year, typically found in regions with a moderate to high amount of rainfall."
Bourne,361,OR,OREGON,SNTL,SNOTEL,5850,44.83052,-118.18787,Baker,1,10/1/1978,1/1/2100,193.73647,32.09556,44.82639014,-118.1743546,0.014132279,Bourne,0.316929791,42,Evergreen Forest,18,Dsb,Cold-dry_summer-warm_summer,This location has low elevation,This location has high southness,"This location has a continental climate with warm summers and cold winters, characterized by significant seasonal temperature variation and relatively low precipitation.","This location has forests dominated by trees that retain their leaves throughout the year, typically found in regions with a moderate to high amount of rainfall."
Bowman Springs,362,OR,OREGON,SNTL,SNOTEL,4530,45.36428,-118.46715,Umatilla,59,10/1/1978,1/1/2100,191.89655,10.00298,45.3377498,-118.4851991,0.032087738,Bowman Springs,0.528235072,42,Evergreen Forest,8,Csa,Temperate-dry_summer-hot_summer,This location has low elevation,This location has very high southness,"This location has a climate with hot, dry summers and mild, wet winters.","This location has forests dominated by trees that retain their leaves throughout the year, typically found in regions with a moderate to high amount of rainfall."
Box Canyon,363,MT,MONTANA,SNTL,SNOTEL,6670,45.2719,-110.24903,Park,67,10/1/1976,1/1/2100,2.13858,8.92905,45.28093206,-110.2789038,0.031209321,Box Canyon,-0.255799715,42,Evergreen Forest,26,Dfb,Cold-no_dry_season-warm_summer,This location has moderate elevation,This location has moderate southness,"This location has a climate with warm summers and cold winters, with significant precipitation throughout the year.","This location has forests dominated by trees that retain their leaves throughout the year, typically found in regions with a moderate to high amount of rainfall."
Box Creek,364,UT,UTAH,SNTL,SNOTEL,9853,38.50809,-112.01856,Sevier,41,8/4/1979,1/1/2100,84.10107,4.69773,38.51962105,-112.0196331,0.011580879,Box Creek,0.750449991,52,Shrub_Scrub,7,BSk,Arid-steppe-cold,This location has very high elevation,This location has very high southness,This location has a climate with low precipitation and cooler temperatures.,"This location has areas dominated by shrubs and small trees, often found in regions with dry or semi-arid climates, or as a transitional stage in forest succession."
Brighton,366,UT,UTAH,SNTL,SNOTEL,8766,40.59936,-111.58167,Salt Lake,35,9/24/1986,1/1/2100,306.73154,13.95141,40.62187742,-111.5844508,0.022688472,Brighton,0.406352023,42,Evergreen Forest,7,BSk,Arid-steppe-cold,This location has high elevation,This location has very high southness,This location has a climate with low precipitation and cooler temperatures.,"This location has forests dominated by trees that retain their leaves throughout the year, typically found in regions with a moderate to high amount of rainfall."
Brooklyn Lake,367,WY,WYOMING,SNTL,SNOTEL,10250,41.36038,-106.23038,Albany,1,10/1/1962,1/1/2100,147.13007,7.8036,41.36050803,-106.237925,0.007546114,Brooklyn Lake,-0.864333689,42,Evergreen Forest,26,Dfb,Cold-no_dry_season-warm_summer,This location has very high elevation,This location has low southness,"This location has a climate with warm summers and cold winters, with significant precipitation throughout the year.","This location has forests dominated by trees that retain their leaves throughout the year, typically found in regions with a moderate to high amount of rainfall."
Brown Duck,368,UT,UTAH,SNTL,SNOTEL,10574,40.58102,-110.58587,Duchesne,13,10/1/1978,1/1/2100,323.4765,4.65583,40.56505968,-110.5897483,0.016424775,Brown Duck,0.992632994,42,Evergreen Forest,26,Dfb,Cold-no_dry_season-warm_summer,This location has very high elevation,This location has very high southness,"This location has a climate with warm summers and cold winters, with significant precipitation throughout the year.","This location has forests dominated by trees that retain their leaves throughout the year, typically found in regions with a moderate to high amount of rainfall."
Brumley,369,CO,COLORADO,SNTL,SNOTEL,10594,39.08758,-106.54231,Lake,65,10/1/1979,1/1/2100,226.9115,3.40744,39.08779845,-106.5487695,0.006463241,Brumley,-0.198067974,90,Woody Wetlands,26,Dfb,Cold-no_dry_season-warm_summer,This location has very high elevation,This location has moderate southness,"This location has a climate with warm summers and cold winters, with significant precipitation throughout the year.","This location has wetlands with a predominance of woody plants, including shrubs and small trees, often found in areas with periodic flooding or high water tables."
Brundage Reservoir,370,ID,IDAHO,SNTL,SNOTEL,6250,45.04315,-116.13253,Adams,3,10/1/1985,1/1/2100,194.74269,7.88043,45.0536611,-116.1227808,0.014336336,Brundage Reservoir,0.999000596,42,Evergreen Forest,18,Dsb,Cold-dry_summer-warm_summer,This location has moderate elevation,This location has very high southness,"This location has a continental climate with warm summers and cold winters, characterized by significant seasonal temperature variation and relatively low precipitation.","This location has forests dominated by trees that retain their leaves throughout the year, typically found in regions with a moderate to high amount of rainfall."
Buck Flat,371,UT,UTAH,SNTL,SNOTEL,9409,39.134,-111.43722,Sanpete,39,10/1/1978,1/1/2100,40.14285,3.16243,39.14461619,-111.460113,0.025234731,Buck Flat,0.01596489,52,Shrub_Scrub,7,BSk,Arid-steppe-cold,This location has very high elevation,This location has high southness,This location has a climate with low precipitation and cooler temperatures.,"This location has areas dominated by shrubs and small trees, often found in regions with dry or semi-arid climates, or as a transitional stage in forest succession."
Buckskin Lower,373,NV,NEVADA,SNTL,SNOTEL,6930,41.75067,-117.53182,Humboldt,13,10/1/1980,1/1/2100,352.32742,3.41825,41.75823221,-117.5526656,0.022174873,Buckskin Lower,-0.243642716,52,Shrub_Scrub,7,BSk,Arid-steppe-cold,This location has moderate elevation,This location has moderate southness,This location has a climate with low precipitation and cooler temperatures.,"This location has areas dominated by shrubs and small trees, often found in regions with dry or semi-arid climates, or as a transitional stage in forest succession."
Bug Lake,374,UT,UTAH,SNTL,SNOTEL,7987,41.68541,-111.41987,Rich,33,10/1/1978,1/1/2100,18.48696,11.79138,41.70141447,-111.3979441,0.027145708,Bug Lake,-0.654213704,42,Evergreen Forest,7,BSk,Arid-steppe-cold,This location has high elevation,This location has low southness,This location has a climate with low precipitation and cooler temperatures.,"This location has forests dominated by trees that retain their leaves throughout the year, typically found in regions with a moderate to high amount of rainfall."
Bumping Ridge,375,WA,WASHINGTON,SNTL,SNOTEL,4610,46.81003,-121.33058,Yakima,77,10/1/1978,1/1/2100,6.58827,2.58754,46.81501103,-121.3449687,0.015226492,Bumping Ridge,0.501841663,42,Evergreen Forest,18,Dsb,Cold-dry_summer-warm_summer,This location has low elevation,This location has very high southness,"This location has a continental climate with warm summers and cold winters, characterized by significant seasonal temperature variation and relatively low precipitation.","This location has forests dominated by trees that retain their leaves throughout the year, typically found in regions with a moderate to high amount of rainfall."
Bunchgrass Mdw,376,WA,WASHINGTON,SNTL,SNOTEL,5000,48.68688,-117.17633,Pend Oreille,51,10/1/1979,1/1/2100,11.9759,5.09022,48.68999643,-117.1796522,0.004555089,Bunchgrass Mdw,-0.772088466,42,Evergreen Forest,18,Dsb,Cold-dry_summer-warm_summer,This location has low elevation,This location has low southness,"This location has a continental climate with warm summers and cold winters, characterized by significant seasonal temperature variation and relatively low precipitation.","This location has forests dominated by trees that retain their leaves throughout the year, typically found in regions with a moderate to high amount of rainfall."
Burgess Junction,377,WY,WYOMING,SNTL,SNOTEL,7880,44.78765,-107.52917,Sheridan,33,10/1/1979,1/1/2100,359.94104,6.82964,44.7695724,-107.543472,0.023050967,Burgess Junction,-0.117803736,42,Evergreen Forest,26,Dfb,Cold-no_dry_season-warm_summer,This location has high elevation,This location has moderate southness,"This location has a climate with warm summers and cold winters, with significant precipitation throughout the year.","This location has forests dominated by trees that retain their leaves throughout the year, typically found in regions with a moderate to high amount of rainfall."
Burro Mountain,378,CO,COLORADO,SNTL,SNOTEL,9317,39.87504,-107.59902,Rio Blanco,103,10/1/1978,1/1/2100,254.49358,12.05275,39.8832468,-107.6056409,0.010544579,Burro Mountain,0.491185553,41,Deciduous Forest,7,BSk,Arid-steppe-cold,This location has very high elevation,This location has very high southness,This location has a climate with low precipitation and cooler temperatures.,"This location has forests where trees lose their leaves seasonally, typically found in regions with distinct seasons including a warm growing season and a cold winter."
Butte,380,CO,COLORADO,SNTL,SNOTEL,10200,38.89435,-106.95327,Gunnison,51,10/1/1979,1/1/2100,38.48549,6.67573,38.91734523,-106.9839519,0.038342641,Butte,0.270231972,42,Evergreen Forest,26,Dfb,Cold-no_dry_season-warm_summer,This location has very high elevation,This location has high southness,"This location has a climate with warm summers and cold winters, with significant precipitation throughout the year.","This location has forests dominated by trees that retain their leaves throughout the year, typically found in regions with a moderate to high amount of rainfall."
Calvert Creek,381,MT,MONTANA,SNTL,SNOTEL,6430,45.8838,-113.32553,Deer Lodge,23,10/1/1974,1/1/2100,172.36914,7.29479,45.90592719,-113.3251801,0.022129961,Calvert Creek,-0.774543875,42,Evergreen Forest,26,Dfb,Cold-no_dry_season-warm_summer,This location has moderate elevation,This location has low southness,"This location has a climate with warm summers and cold winters, with significant precipitation throughout the year.","This location has forests dominated by trees that retain their leaves throughout the year, typically found in regions with a moderate to high amount of rainfall."
Camp Jackson,383,UT,UTAH,SNTL,SNOTEL,8858,37.81333,-109.48723,San Juan,37,10/1/1985,1/1/2100,341.58307,9.1592,37.83780818,-109.470708,0.029532293,Camp Jackson,-0.17311942,41,Deciduous Forest,7,BSk,Arid-steppe-cold,This location has high elevation,This location has moderate southness,This location has a climate with low precipitation and cooler temperatures.,"This location has forests where trees lose their leaves seasonally, typically found in regions with distinct seasons including a warm growing season and a cold winter."
Canyon,384,WY,WYOMING,SNTL,SNOTEL,7870,44.71961,-110.51084,Park,29,10/1/1960,1/1/2100,9.91329,6.23092,44.71275466,-110.5275794,0.018088768,Canyon,0.046130938,42,Evergreen Forest,26,Dfb,Cold-no_dry_season-warm_summer,This location has high elevation,This location has high southness,"This location has a climate with warm summers and cold winters, with significant precipitation throughout the year.","This location has forests dominated by trees that retain their leaves throughout the year, typically found in regions with a moderate to high amount of rainfall."
Carrot Basin,385,MT,MONTANA,SNTL,SNOTEL,9000,44.96192,-111.29403,Gallatin,31,10/1/1966,1/1/2100,142.78101,8.75276,44.94002562,-111.2736063,0.029941492,Carrot Basin,-0.100080782,52,Shrub_Scrub,26,Dfb,Cold-no_dry_season-warm_summer,This location has high elevation,This location has moderate southness,"This location has a climate with warm summers and cold winters, with significant precipitation throughout the year.","This location has areas dominated by shrubs and small trees, often found in regions with dry or semi-arid climates, or as a transitional stage in forest succession."
Cascade 2,387,CO,COLORADO,SNTL,SNOTEL,9012,37.65751,-107.80287,San Juan,111,9/30/1990,1/1/2100,235.27156,5.75313,37.66735496,-107.7921476,0.014556526,Cascade #2,0.475293958,43,Mixed Forest,26,Dfb,Cold-no_dry_season-warm_summer,This location has high elevation,This location has very high southness,"This location has a climate with warm summers and cold winters, with significant precipitation throughout the year.","This location has forests characterized by a combination of both evergreen and deciduous trees, often found in temperate regions with moderate climates."
Cascade Summit,388,OR,OREGON,SNTL,SNOTEL,5100,43.59042,-122.0601,Deschutes,17,10/1/1979,1/1/2100,27.46285,21.96933,43.57639987,-122.0909956,0.033927873,Cascade Summit,-0.015019215,42,Evergreen Forest,9,Csb,Temperate-dry_summer-warm_summer,This location has low elevation,This location has moderate southness,"This location has a climate with warm, dry summers and mild, wet winters.","This location has forests dominated by trees that retain their leaves throughout the year, typically found in regions with a moderate to high amount of rainfall."
Casper Mtn,389,WY,WYOMING,SNTL,SNOTEL,7920,42.73362,-106.31789,Natrona,25,1/1/1962,1/1/2100,14.05283,12.68869,42.72413378,-106.3000939,0.020166518,Casper Mtn,0.010278143,42,Evergreen Forest,7,BSk,Arid-steppe-cold,This location has high elevation,This location has high southness,This location has a climate with low precipitation and cooler temperatures.,"This location has forests dominated by trees that retain their leaves throughout the year, typically found in regions with a moderate to high amount of rainfall."
Castle Valley,390,UT,UTAH,SNTL,SNOTEL,9607,37.66098,-112.74093,Iron,21,6/21/1980,1/1/2100,137.1362,2.69243,37.66735496,-112.76566,0.025538422,Castle Valley,0.199322423,43,Mixed Forest,7,BSk,Arid-steppe-cold,This location has very high elevation,This location has high southness,This location has a climate with low precipitation and cooler temperatures.,"This location has forests characterized by a combination of both evergreen and deciduous trees, often found in temperate regions with moderate climates."
Cedar Pass,391,CA,CALIFORNIA,SNTL,SNOTEL,7030,41.58233,-120.3025,Modoc,49,10/1/1977,1/1/2100,296.32098,2.97196,41.58777899,-120.2880974,0.015398949,Cedar Pass,0.089607164,42,Evergreen Forest,7,BSk,Arid-steppe-cold,This location has moderate elevation,This location has high southness,This location has a climate with low precipitation and cooler temperatures.,"This location has forests dominated by trees that retain their leaves throughout the year, typically found in regions with a moderate to high amount of rainfall."
Chalk Creek 1,392,UT,UTAH,SNTL,SNOTEL,9171,40.85464,-111.04765,Summit,43,10/1/1978,1/1/2100,5.04417,7.14145,40.84914837,-111.0249306,0.023373641,Chalk Creek #1,0.24648096,43,Mixed Forest,7,BSk,Arid-steppe-cold,This location has very high elevation,This location has high southness,This location has a climate with low precipitation and cooler temperatures.,"This location has forests characterized by a combination of both evergreen and deciduous trees, often found in temperate regions with moderate climates."
Chalk Creek 2,393,UT,UTAH,SNTL,SNOTEL,8208,40.88529,-111.06954,Summit,43,10/1/1978,1/1/2100,359.23477,33.02369,40.90596611,-111.0870995,0.02712636,Chalk Creek #2,0.459325116,41,Deciduous Forest,7,BSk,Arid-steppe-cold,This location has high elevation,This location has very high southness,This location has a climate with low precipitation and cooler temperatures.,"This location has forests where trees lose their leaves seasonally, typically found in regions with distinct seasons including a warm growing season and a cold winter."
Chamita,394,NM,NEW MEXICO,SNTL,SNOTEL,8383,36.95606,-106.65723,Rio Arriba,39,10/1/1978,1/1/2100,52.34979,14.75486,36.92872435,-106.6731074,0.031612156,Chamita,-0.400465933,41,Deciduous Forest,7,BSk,Arid-steppe-cold,This location has high elevation,This location has low southness,This location has a climate with low precipitation and cooler temperatures.,"This location has forests where trees lose their leaves seasonally, typically found in regions with distinct seasons including a warm growing season and a cold winter."
Chemult Alternate,395,OR,OREGON,SNTL,SNOTEL,4850,43.22625,-121.80662,Klamath,35,10/1/1979,1/1/2100,185.92819,2.42596,43.23549344,-121.7801511,0.028036515,Chemult Alternate,-0.550866789,42,Evergreen Forest,9,Csb,Temperate-dry_summer-warm_summer,This location has low elevation,This location has low southness,"This location has a climate with warm, dry summers and mild, wet winters.","This location has forests dominated by trees that retain their leaves throughout the year, typically found in regions with a moderate to high amount of rainfall."
Chepeta,396,UT,UTAH,SNTL,SNOTEL,10499,40.77458,-110.0105,Duchesne,13,7/16/1980,1/1/2100,153.52022,1.81423,40.79233064,-110.0302282,0.026538388,Chepeta,-0.887028071,42,Evergreen Forest,26,Dfb,Cold-no_dry_season-warm_summer,This location has very high elevation,This location has low southness,"This location has a climate with warm summers and cold winters, with significant precipitation throughout the year.","This location has forests dominated by trees that retain their leaves throughout the year, typically found in regions with a moderate to high amount of rainfall."
Clackamas Lake,398,OR,OREGON,SNTL,SNOTEL,3400,45.09658,-121.75443,Clackamas,5,10/1/1979,1/1/2100,84.62793,8.22271,45.11047884,-121.7801511,0.029236115,Clackamas Lake,-0.915095005,42,Evergreen Forest,9,Csb,Temperate-dry_summer-warm_summer,This location has low elevation,This location has low southness,"This location has a climate with warm, dry summers and mild, wet winters.","This location has forests dominated by trees that retain their leaves throughout the year, typically found in regions with a moderate to high amount of rainfall."
Clear Creek 1,399,UT,UTAH,SNTL,SNOTEL,8975,39.86671,-111.28363,Utah,49,1/1/1978,1/1/2100,334.16956,9.41807,39.8832468,-111.2736063,0.019337559,Clear Creek #1,0.00267419,41,Deciduous Forest,7,BSk,Arid-steppe-cold,This location has high elevation,This location has moderate southness,This location has a climate with low precipitation and cooler temperatures.,"This location has forests where trees lose their leaves seasonally, typically found in regions with distinct seasons including a warm growing season and a cold winter."
Clear Creek 2,400,UT,UTAH,SNTL,SNOTEL,7837,39.89275,-111.25154,Utah,49,10/1/1978,1/1/2100,0.30926,20.90422,39.8832468,-111.2736063,0.024025624,Clear Creek #2,0.843207412,71,Grassland_Herbaceous,7,BSk,Arid-steppe-cold,This location has moderate elevation,This location has very high southness,This location has a climate with low precipitation and cooler temperatures.,"This location has areas dominated by grasses and other herbaceous plants, often found in regions with moderate to low rainfall and no trees."
Clear Lake,401,OR,OREGON,SNTL,SNOTEL,3810,45.18832,-121.6916,Wasco,65,10/1/1979,1/1/2100,269.81427,2.03055,45.16729658,-121.7179822,0.033734286,Clear Lake,0.837860145,42,Evergreen Forest,9,Csb,Temperate-dry_summer-warm_summer,This location has low elevation,This location has very high southness,"This location has a climate with warm, dry summers and mild, wet winters.","This location has forests dominated by trees that retain their leaves throughout the year, typically found in regions with a moderate to high amount of rainfall."
Cloud Peak Reservoir,402,WY,WYOMING,SNTL,SNOTEL,9860,44.40343,-107.06057,Johnson,19,10/1/1978,1/1/2100,41.67323,2.64603,44.42866597,-107.0461208,0.029079786,Cloud Peak Reservoir,-0.320034202,42,Evergreen Forest,26,Dfb,Cold-no_dry_season-warm_summer,This location has very high elevation,This location has moderate southness,"This location has a climate with warm summers and cold winters, with significant precipitation throughout the year.","This location has forests dominated by trees that retain their leaves throughout the year, typically found in regions with a moderate to high amount of rainfall."
Clover Meadow,403,MT,MONTANA,SNTL,SNOTEL,8600,45.01788,-111.8456,Madison,57,10/1/1971,1/1/2100,17.71496,4.05003,44.99684336,-111.8331264,0.024456715,Clover Meadow,-0.333158697,42,Evergreen Forest,26,Dfb,Cold-no_dry_season-warm_summer,This location has high elevation,This location has moderate southness,"This location has a climate with warm summers and cold winters, with significant precipitation throughout the year.","This location has forests dominated by trees that retain their leaves throughout the year, typically found in regions with a moderate to high amount of rainfall."
Cold Springs,405,WY,WYOMING,SNTL,SNOTEL,9630,43.27676,-109.44585,Fremont,13,10/1/1980,1/1/2100,75.29892,8.56078,43.29231118,-109.470708,0.029321686,Cold Springs,0.756698541,42,Evergreen Forest,7,BSk,Arid-steppe-cold,This location has very high elevation,This location has very high southness,This location has a climate with low precipitation and cooler temperatures.,"This location has forests dominated by trees that retain their leaves throughout the year, typically found in regions with a moderate to high amount of rainfall."
Cold Springs Camp,406,OR,OREGON,SNTL,SNOTEL,5940,42.53305,-122.17683,Klamath,35,10/1/1979,1/1/2100,264.96445,10.59007,42.55368056,-122.1531645,0.031395492,Cold Springs Camp,-0.440650052,42,Evergreen Forest,9,Csb,Temperate-dry_summer-warm_summer,This location has low elevation,This location has low southness,"This location has a climate with warm, dry summers and mild, wet winters.","This location has forests dominated by trees that retain their leaves throughout the year, typically found in regions with a moderate to high amount of rainfall."
Cole Creek,407,MT,MONTANA,SNTL,SNOTEL,7850,45.19405,-109.34548,Carbon,9,10/1/1960,1/1/2100,332.56747,9.07791,45.16729658,-109.3463702,0.026768227,Cole Creek,0.307377981,42,Evergreen Forest,7,BSk,Arid-steppe-cold,This location has moderate elevation,This location has high southness,This location has a climate with low precipitation and cooler temperatures.,"This location has forests dominated by trees that retain their leaves throughout the year, typically found in regions with a moderate to high amount of rainfall."
Columbine,408,CO,COLORADO,SNTL,SNOTEL,9167,40.39591,-106.60437,Jackson,57,10/1/1978,1/1/2100,127.1256,6.32526,40.39460646,-106.6109385,0.00669655,Columbine,0.004571637,42,Evergreen Forest,26,Dfb,Cold-no_dry_season-warm_summer,This location has very high elevation,This location has moderate southness,"This location has a climate with warm summers and cold winters, with significant precipitation throughout the year.","This location has forests dominated by trees that retain their leaves throughout the year, typically found in regions with a moderate to high amount of rainfall."
Columbine Pass,409,CO,COLORADO,SNTL,SNOTEL,9171,38.41819,-108.38313,Montrose,85,10/1/1985,1/1/2100,119.22371,4.17579,38.40598557,-108.4138367,0.033043118,Columbine Pass,-0.848907128,41,Deciduous Forest,7,BSk,Arid-steppe-cold,This location has very high elevation,This location has low southness,This location has a climate with low precipitation and cooler temperatures.,"This location has forests where trees lose their leaves seasonally, typically found in regions with distinct seasons including a warm growing season and a cold winter."
Combination,410,MT,MONTANA,SNTL,SNOTEL,5600,46.46523,-113.39358,Granite,39,10/1/1965,1/1/2100,93.42301,13.38994,46.47410459,-113.387349,0.010843602,Combination,0.497897426,42,Evergreen Forest,26,Dfb,Cold-no_dry_season-warm_summer,This location has low elevation,This location has very high southness,"This location has a climate with warm summers and cold winters, with significant precipitation throughout the year.","This location has forests dominated by trees that retain their leaves throughout the year, typically found in regions with a moderate to high amount of rainfall."
Copeland Lake,412,CO,COLORADO,SNTL,SNOTEL,8555,40.20733,-105.5695,Boulder,13,10/1/1979,1/1/2100,145.59894,20.45643,40.22415324,-105.5540671,0.022829725,Copeland Lake,0.46600965,42,Evergreen Forest,26,Dfb,Cold-no_dry_season-warm_summer,This location has high elevation,This location has very high southness,"This location has a climate with warm summers and cold winters, with significant precipitation throughout the year.","This location has forests dominated by trees that retain their leaves throughout the year, typically found in regions with a moderate to high amount of rainfall."
Copper Bottom,413,MT,MONTANA,SNTL,SNOTEL,5200,47.05678,-112.595,Lewis and Clark,49,10/1/1978,1/1/2100,253.16808,9.80667,47.04228199,-112.5791532,0.021478175,Copper Bottom,0.099358442,52,Shrub_Scrub,26,Dfb,Cold-no_dry_season-warm_summer,This location has low elevation,This location has high southness,"This location has a climate with warm summers and cold winters, with significant precipitation throughout the year.","This location has areas dominated by shrubs and small trees, often found in regions with dry or semi-arid climates, or as a transitional stage in forest succession."
Copper Camp,414,MT,MONTANA,SNTL,SNOTEL,6950,47.08158,-112.72955,Lewis and Clark,49,10/1/1978,1/1/2100,153.80431,10.79403,47.09909973,-112.7034911,0.031400786,Copper Camp,0.971010791,52,Shrub_Scrub,26,Dfb,Cold-no_dry_season-warm_summer,This location has moderate elevation,This location has very high southness,"This location has a climate with warm summers and cold winters, with significant precipitation throughout the year.","This location has areas dominated by shrubs and small trees, often found in regions with dry or semi-arid climates, or as a transitional stage in forest succession."
Copper Mountain,415,CO,COLORADO,SNTL,SNOTEL,10523,39.48917,-106.17154,Summit,117,10/1/1978,1/1/2100,328.17432,20.35838,39.48552263,-106.1757561,0.005574858,Copper Mountain,0.121575216,21,Developed_Open Space,26,Dfb,Cold-no_dry_season-warm_summer,This location has very high elevation,This location has high southness,"This location has a climate with warm summers and cold winters, with significant precipitation throughout the year.","This location has urban areas with open spaces and low-density development, such as parks, golf courses, and other recreational areas."
Coronado Trail,416,AZ,ARIZONA,SNTL,SNOTEL,8418,33.80418,-109.15352,Apache,1,10/1/1978,1/1/2100,200.0782,6.57279,33.80374867,-109.1598635,0.006358168,Coronado Trail,0.158185123,52,Shrub_Scrub,7,BSk,Arid-steppe-cold,This location has high elevation,This location has high southness,This location has a climate with low precipitation and cooler temperatures.,"This location has areas dominated by shrubs and small trees, often found in regions with dry or semi-arid climates, or as a transitional stage in forest succession."
Corral Canyon,417,NV,NEVADA,SNTL,SNOTEL,8445,40.27551,-115.54017,Elko,7,10/1/1978,1/1/2100,15.17028,29.15965,40.28097098,-115.5632606,0.023727624,Corral Canyon,0.664885556,41,Deciduous Forest,7,BSk,Arid-steppe-cold,This location has high elevation,This location has very high southness,This location has a climate with low precipitation and cooler temperatures.,"This location has forests where trees lose their leaves seasonally, typically found in regions with distinct seasons including a warm growing season and a cold winter."
Cottonwood Creek,419,WY,WYOMING,SNTL,SNOTEL,7670,42.6459,-110.81482,Lincoln,23,10/1/1980,1/1/2100,322.71655,18.50983,42.66731604,-110.8384239,0.031871498,Cottonwood Creek,0.215512473,42,Evergreen Forest,26,Dfb,Cold-no_dry_season-warm_summer,This location has moderate elevation,This location has high southness,"This location has a climate with warm summers and cold winters, with significant precipitation throughout the year.","This location has forests dominated by trees that retain their leaves throughout the year, typically found in regions with a moderate to high amount of rainfall."
Cougar Mountain,420,WA,WASHINGTON,SNTL,SNOTEL,3200,47.27666,-121.67138,King,33,10/1/1979,1/1/2100,357.13293,5.92491,47.26955294,-121.6558132,0.017112395,Cougar Mountain,-0.186907956,42,Evergreen Forest,9,Csb,Temperate-dry_summer-warm_summer,This location has low elevation,This location has moderate southness,"This location has a climate with warm, dry summers and mild, wet winters.","This location has forests dominated by trees that retain their leaves throughout the year, typically found in regions with a moderate to high amount of rainfall."
County Line,422,OR,OREGON,SNTL,SNOTEL,4830,45.19107,-118.55015,Umatilla,59,10/1/1979,1/1/2100,259.6716,3.59546,45.16729658,-118.547368,0.023935638,County Line,0.206423104,71,Grassland_Herbaceous,8,Csa,Temperate-dry_summer-hot_summer,This location has low elevation,This location has high southness,"This location has a climate with hot, dry summers and mild, wet winters.","This location has areas dominated by grasses and other herbaceous plants, often found in regions with moderate to low rainfall and no trees."
Cozy Cove,423,ID,IDAHO,SNTL,SNOTEL,5400,44.28846,-115.65508,Valley,85,10/1/1978,1/1/2100,300.73907,12.02883,44.31503049,-115.6254295,0.039813818,Cozy Cove,-0.336454123,42,Evergreen Forest,17,Dsa,Cold-dry_summer-hot_summer,This location has low elevation,This location has moderate southness,"This location has a continental climate with hot summers and cold winters, featuring significant seasonal temperature variation and relatively low precipitation.","This location has forests dominated by trees that retain their leaves throughout the year, typically found in regions with a moderate to high amount of rainfall."
Crab Creek,424,ID,IDAHO,SNTL,SNOTEL,6900,44.437,-111.99384,Clark,33,10/1/1979,1/1/2100,48.17824,20.46237,44.42866597,-112.0196331,0.027106099,Crab Creek,-0.493357061,42,Evergreen Forest,7,BSk,Arid-steppe-cold,This location has moderate elevation,This location has low southness,This location has a climate with low precipitation and cooler temperatures.,"This location has forests dominated by trees that retain their leaves throughout the year, typically found in regions with a moderate to high amount of rainfall."
Crater Meadows,425,ID,IDAHO,SNTL,SNOTEL,5960,46.56394,-115.28903,Clearwater,35,10/1/1983,1/1/2100,127.40081,12.06378,46.58774007,-115.314585,0.034921379,Crater Meadows,0.079741133,42,Evergreen Forest,18,Dsb,Cold-dry_summer-warm_summer,This location has low elevation,This location has high southness,"This location has a continental climate with warm summers and cold winters, characterized by significant seasonal temperature variation and relatively low precipitation.","This location has forests dominated by trees that retain their leaves throughout the year, typically found in regions with a moderate to high amount of rainfall."
Crosho,426,CO,COLORADO,SNTL,SNOTEL,8973,40.16749,-107.05769,Rio Blanco,103,10/1/1985,1/1/2100,225.05992,2.00778,40.1673355,-107.0461208,0.011570251,Crosho,0.382670083,95,Emergent Herbaceous Wetlands,26,Dfb,Cold-no_dry_season-warm_summer,This location has high elevation,This location has very high southness,"This location has a climate with warm summers and cold winters, with significant precipitation throughout the year.","This location has wetlands characterized by the presence of herbaceous plants that emerge above the water surface, typically found in shallow water bodies."
Crystal Lake,427,MT,MONTANA,SNTL,SNOTEL,6050,46.78942,-109.51205,Fergus,27,9/1/1967,1/1/2100,358.90332,16.29997,46.81501103,-109.5328769,0.032994883,Crystal Lake,-0.403802069,42,Evergreen Forest,7,BSk,Arid-steppe-cold,This location has moderate elevation,This location has low southness,This location has a climate with low precipitation and cooler temperatures.,"This location has forests dominated by trees that retain their leaves throughout the year, typically found in regions with a moderate to high amount of rainfall."
Css Lab,428,CA,CALIFORNIA,SNTL,SNOTEL,6894,39.32565,-120.36807,Nevada,57,10/1/1980,1/1/2100,266.56049,10.01719,39.31506941,-120.3502663,0.020710435,Css Lab,0.496577964,42,Evergreen Forest,8,Csa,Temperate-dry_summer-hot_summer,This location has moderate elevation,This location has very high southness,"This location has a climate with hot, dry summers and mild, wet winters.","This location has forests dominated by trees that retain their leaves throughout the year, typically found in regions with a moderate to high amount of rainfall."
Culebra 2,430,CO,COLORADO,SNTL,SNOTEL,10562,37.20939,-105.19988,Costilla,23,10/1/1978,1/1/2100,188.52708,14.98221,37.21281304,-105.1810537,0.019135004,Culebra #2,0.66336939,42,Evergreen Forest,7,BSk,Arid-steppe-cold,This location has very high elevation,This location has very high southness,This location has a climate with low precipitation and cooler temperatures.,"This location has forests dominated by trees that retain their leaves throughout the year, typically found in regions with a moderate to high amount of rainfall."
Cumbres Trestle,431,CO,COLORADO,SNTL,SNOTEL,10035,37.01877,-106.45275,Conejos,21,10/1/1979,1/1/2100,72.35084,4.8429,37.04235982,-106.4244317,0.036856529,Cumbres Trestle,0.987098847,42,Evergreen Forest,7,BSk,Arid-steppe-cold,This location has very high elevation,This location has very high southness,This location has a climate with low precipitation and cooler temperatures.,"This location has forests dominated by trees that retain their leaves throughout the year, typically found in regions with a moderate to high amount of rainfall."
Currant Creek,432,UT,UTAH,SNTL,SNOTEL,7915,40.35747,-111.08993,Wasatch,51,10/1/1978,1/1/2100,146.69246,13.59752,40.33778872,-111.0870995,0.01988377,Currant Creek,-0.490332785,41,Deciduous Forest,26,Dfb,Cold-no_dry_season-warm_summer,This location has high elevation,This location has low southness,"This location has a climate with warm summers and cold winters, with significant precipitation throughout the year.","This location has forests where trees lose their leaves seasonally, typically found in regions with distinct seasons including a warm growing season and a cold winter."
Daly Creek,433,MT,MONTANA,SNTL,SNOTEL,5780,46.18367,-113.8533,Ravalli,81,10/1/1966,1/1/2100,235.6429,22.97627,46.19001589,-113.8225313,0.031416261,Daly Creek,0.833110079,42,Evergreen Forest,26,Dfb,Cold-no_dry_season-warm_summer,This location has low elevation,This location has very high southness,"This location has a climate with warm summers and cold winters, with significant precipitation throughout the year.","This location has forests dominated by trees that retain their leaves throughout the year, typically found in regions with a moderate to high amount of rainfall."
Daly Lake,434,OR,OREGON,SNTL,SNOTEL,3690,44.52147,-122.08718,Linn,43,10/1/1978,1/1/2100,10.76688,22.1901,44.54230145,-122.0909956,0.021178001,Daly Lake,0.044806525,42,Evergreen Forest,9,Csb,Temperate-dry_summer-warm_summer,This location has low elevation,This location has high southness,"This location has a climate with warm, dry summers and mild, wet winters.","This location has forests dominated by trees that retain their leaves throughout the year, typically found in regions with a moderate to high amount of rainfall."
Daniels Strawberry,435,UT,UTAH,SNTL,SNOTEL,8008,40.2953,-111.25677,Wasatch,51,10/1/1978,1/1/2100,53.50143,8.24685,40.28097098,-111.2736063,0.022108381,Daniels-Strawberry,-0.919705497,41,Deciduous Forest,26,Dfb,Cold-no_dry_season-warm_summer,This location has high elevation,This location has low southness,"This location has a climate with warm summers and cold winters, with significant precipitation throughout the year.","This location has forests where trees lose their leaves seasonally, typically found in regions with distinct seasons including a warm growing season and a cold winter."
Darkhorse Lake,436,MT,MONTANA,SNTL,SNOTEL,8945,45.17367,-113.58448,Beaverhead,1,8/1/1977,1/1/2100,169.84395,10.94613,45.16729658,-113.5738557,0.012389349,Darkhorse Lake,-0.979274183,42,Evergreen Forest,7,BSk,Arid-steppe-cold,This location has high elevation,This location has low southness,This location has a climate with low precipitation and cooler temperatures.,"This location has forests dominated by trees that retain their leaves throughout the year, typically found in regions with a moderate to high amount of rainfall."
Deadman Creek,437,MT,MONTANA,SNTL,SNOTEL,6450,46.79279,-110.67545,Meagher,59,10/1/1966,1/1/2100,126.44042,7.96883,46.81501103,-110.6519172,0.032366122,Deadman Creek,0.708522197,42,Evergreen Forest,26,Dfb,Cold-no_dry_season-warm_summer,This location has moderate elevation,This location has very high southness,"This location has a climate with warm summers and cold winters, with significant precipitation throughout the year.","This location has forests dominated by trees that retain their leaves throughout the year, typically found in regions with a moderate to high amount of rainfall."
Deadman Hill,438,CO,COLORADO,SNTL,SNOTEL,10239,40.80572,-105.77018,Larimer,69,10/1/1978,1/1/2100,40.815,6.88769,40.79233064,-105.7405738,0.032493115,Deadman Hill,-0.568166864,42,Evergreen Forest,26,Dfb,Cold-no_dry_season-warm_summer,This location has very high elevation,This location has low southness,"This location has a climate with warm summers and cold winters, with significant precipitation throughout the year.","This location has forests dominated by trees that retain their leaves throughout the year, typically found in regions with a moderate to high amount of rainfall."
Deadwood Summit,439,ID,IDAHO,SNTL,SNOTEL,6860,44.54514,-115.5638,Valley,85,10/1/1978,1/1/2100,136.27478,8.92157,44.54230145,-115.5632606,0.002889342,Deadwood Summit,-0.180885707,42,Evergreen Forest,18,Dsb,Cold-dry_summer-warm_summer,This location has moderate elevation,This location has moderate southness,"This location has a continental climate with warm summers and cold winters, characterized by significant seasonal temperature variation and relatively low precipitation.","This location has forests dominated by trees that retain their leaves throughout the year, typically found in regions with a moderate to high amount of rainfall."
Derr,440,OR,OREGON,SNTL,SNOTEL,5850,44.4465,-119.93012,Wheeler,69,10/1/1979,1/1/2100,157.33353,4.15612,44.42866597,-119.9150839,0.023326725,Derr,-0.822005452,42,Evergreen Forest,7,BSk,Arid-steppe-cold,This location has low elevation,This location has low southness,This location has a climate with low precipitation and cooler temperatures.,"This location has forests dominated by trees that retain their leaves throughout the year, typically found in regions with a moderate to high amount of rainfall."
Diamond Lake,442,OR,OREGON,SNTL,SNOTEL,5280,43.18787,-122.14003,Douglas,19,10/1/1979,1/1/2100,13.21276,5.63887,43.1786757,-122.1531645,0.016032772,Diamond Lake,-0.479478017,42,Evergreen Forest,9,Csb,Temperate-dry_summer-warm_summer,This location has low elevation,This location has low southness,"This location has a climate with warm, dry summers and mild, wet winters.","This location has forests dominated by trees that retain their leaves throughout the year, typically found in regions with a moderate to high amount of rainfall."
Diamond Peak,443,NV,NEVADA,SNTL,SNOTEL,8017,39.56361,-115.84421,Eureka,11,10/1/1983,1/1/2100,345.03372,18.02641,39.54234036,-115.8741052,0.036689484,Diamond Peak,-0.628392246,52,Shrub_Scrub,7,BSk,Arid-steppe-cold,This location has high elevation,This location has low southness,This location has a climate with low precipitation and cooler temperatures.,"This location has areas dominated by shrubs and small trees, often found in regions with dry or semi-arid climates, or as a transitional stage in forest succession."
Dills Camp,444,UT,UTAH,SNTL,SNOTEL,9228,39.04554,-111.46875,Sanpete,39,10/1/1978,1/1/2100,100.24472,6.99359,39.03098071,-111.460113,0.016928414,Dills Camp,0.625605601,41,Deciduous Forest,7,BSk,Arid-steppe-cold,This location has very high elevation,This location has very high southness,This location has a climate with low precipitation and cooler temperatures.,"This location has forests where trees lose their leaves seasonally, typically found in regions with distinct seasons including a warm growing season and a cold winter."
Disaster Peak,445,NV,NEVADA,SNTL,SNOTEL,6260,41.96737,-118.18934,Humboldt,13,10/1/1980,1/1/2100,126.18996,8.58159,41.98550317,-118.1743546,0.02352389,Disaster Peak,0.645725705,71,Grassland_Herbaceous,7,BSk,Arid-steppe-cold,This location has moderate elevation,This location has very high southness,This location has a climate with low precipitation and cooler temperatures.,"This location has areas dominated by grasses and other herbaceous plants, often found in regions with moderate to low rainfall and no trees."
Dismal Swamp,446,CA,CALIFORNIA,SNTL,SNOTEL,7360,41.99127,-120.18033,Modoc,49,10/1/1979,1/1/2100,139.65213,11.53876,41.98550317,-120.1637595,0.017545263,Dismal Swamp,-0.126864949,42,Evergreen Forest,7,BSk,Arid-steppe-cold,This location has moderate elevation,This location has moderate southness,This location has a climate with low precipitation and cooler temperatures.,"This location has forests dominated by trees that retain their leaves throughout the year, typically found in regions with a moderate to high amount of rainfall."
Divide,448,MT,MONTANA,SNTL,SNOTEL,7800,44.79317,-112.05645,Madison,57,1/1/1971,1/1/2100,33.25953,9.64435,44.7695724,-112.081802,0.034634826,Divide,0.058686343,42,Evergreen Forest,7,BSk,Arid-steppe-cold,This location has moderate elevation,This location has high southness,This location has a climate with low precipitation and cooler temperatures.,"This location has forests dominated by trees that retain their leaves throughout the year, typically found in regions with a moderate to high amount of rainfall."
Divide Peak,449,WY,WYOMING,SNTL,SNOTEL,8730,41.30399,-107.15255,Carbon,7,10/1/1979,1/1/2100,354.36096,13.64056,41.30369029,-107.1704586,0.017911097,Divide Peak,-0.705725516,42,Evergreen Forest,7,BSk,Arid-steppe-cold,This location has high elevation,This location has low southness,This location has a climate with low precipitation and cooler temperatures.,"This location has forests dominated by trees that retain their leaves throughout the year, typically found in regions with a moderate to high amount of rainfall."
Dollarhide Summit,450,ID,IDAHO,SNTL,SNOTEL,8420,43.6025,-114.67417,Blaine,13,10/1/1979,1/1/2100,53.01563,43.79476,43.57639987,-114.692896,0.032122876,Dollarhide Summit,0.172337243,52,Shrub_Scrub,18,Dsb,Cold-dry_summer-warm_summer,This location has high elevation,This location has high southness,"This location has a continental climate with warm summers and cold winters, characterized by significant seasonal temperature variation and relatively low precipitation.","This location has areas dominated by shrubs and small trees, often found in regions with dry or semi-arid climates, or as a transitional stage in forest succession."
Dome Lake,451,WY,WYOMING,SNTL,SNOTEL,8880,44.57462,-107.29537,Sheridan,33,10/1/1978,1/1/2100,30.93358,7.34804,44.59911918,-107.2947964,0.024505899,Dome Lake,0.774920919,42,Evergreen Forest,26,Dfb,Cold-no_dry_season-warm_summer,This location has high elevation,This location has very high southness,"This location has a climate with warm summers and cold winters, with significant precipitation throughout the year.","This location has forests dominated by trees that retain their leaves throughout the year, typically found in regions with a moderate to high amount of rainfall."
Donkey Reservoir,452,UT,UTAH,SNTL,SNOTEL,9799,38.2084,-111.47412,Wayne,55,10/1/1985,1/1/2100,160.03931,10.5724,38.23553236,-111.460113,0.030534595,Donkey Reservoir,0.896744535,43,Mixed Forest,5,BWk,Arid-desert-cold,This location has very high elevation,This location has very high southness,This location has a climate with very low precipitation and cooler temperatures.,"This location has forests characterized by a combination of both evergreen and deciduous trees, often found in temperate regions with moderate climates."
Dorsey Basin,453,NV,NEVADA,SNTL,SNOTEL,7903,40.89343,-115.21104,Elko,7,10/1/1978,1/1/2100,191.53075,4.62364,40.90596611,-115.1902472,0.024279495,Dorsey Basin,0.99043131,52,Shrub_Scrub,7,BSk,Arid-steppe-cold,This location has high elevation,This location has very high southness,This location has a climate with low precipitation and cooler temperatures.,"This location has areas dominated by shrubs and small trees, often found in regions with dry or semi-arid climates, or as a transitional stage in forest succession."
Draw Creek,454,NV,NEVADA,SNTL,SNOTEL,7332,41.661,-115.3234,Elko,7,10/1/1983,1/1/2100,23.32063,10.54348,41.64459673,-115.314585,0.01862179,Draw Creek,0.214970351,41,Deciduous Forest,7,BSk,Arid-steppe-cold,This location has moderate elevation,This location has high southness,This location has a climate with low precipitation and cooler temperatures.,"This location has forests where trees lose their leaves seasonally, typically found in regions with distinct seasons including a warm growing season and a cold winter."
Dry Bread Pond,455,UT,UTAH,SNTL,SNOTEL,8302,41.41289,-111.5377,Cache,5,10/1/1978,1/1/2100,188.72716,15.73786,41.41732577,-111.5222819,0.016043521,Dry Bread Pond,-0.029094161,41,Deciduous Forest,17,Dsa,Cold-dry_summer-hot_summer,This location has high elevation,This location has moderate southness,"This location has a continental climate with hot summers and cold winters, featuring significant seasonal temperature variation and relatively low precipitation.","This location has forests where trees lose their leaves seasonally, typically found in regions with distinct seasons including a warm growing season and a cold winter."
Dry Lake,457,CO,COLORADO,SNTL,SNOTEL,8271,40.5337,-106.7814,Routt,107,10/1/1979,1/1/2100,184.14761,17.18655,40.50824194,-106.7974452,0.030092528,Dry Lake,0.354911708,41,Deciduous Forest,26,Dfb,Cold-no_dry_season-warm_summer,This location has high elevation,This location has high southness,"This location has a climate with warm summers and cold winters, with significant precipitation throughout the year.","This location has forests where trees lose their leaves seasonally, typically found in regions with distinct seasons including a warm growing season and a cold winter."
Dupuyer Creek,458,MT,MONTANA,SNTL,SNOTEL,5750,48.06341,-112.7573,Teton,99,10/1/1982,1/1/2100,346.84253,14.51475,48.0650013,-112.76566,0.008510061,Dupuyer Creek,0.277772689,42,Evergreen Forest,7,BSk,Arid-steppe-cold,This location has low elevation,This location has high southness,This location has a climate with low precipitation and cooler temperatures.,"This location has forests dominated by trees that retain their leaves throughout the year, typically found in regions with a moderate to high amount of rainfall."
East Rim Divide,460,WY,WYOMING,SNTL,SNOTEL,7930,43.13097,-110.2023,Sublette,35,10/1/1984,1/1/2100,358.83389,12.49404,43.12185796,-110.2167349,0.017070307,East Rim Divide,-0.055628851,42,Evergreen Forest,26,Dfb,Cold-no_dry_season-warm_summer,This location has high elevation,This location has moderate southness,"This location has a climate with warm summers and cold winters, with significant precipitation throughout the year.","This location has forests dominated by trees that retain their leaves throughout the year, typically found in regions with a moderate to high amount of rainfall."
East Willow Creek,461,UT,UTAH,SNTL,SNOTEL,8302,39.31213,-109.53179,Grand,19,8/6/1986,1/1/2100,25.31287,15.59639,39.31506941,-109.5328769,0.003133937,East Willow Creek,0.109540482,41,Deciduous Forest,7,BSk,Arid-steppe-cold,This location has high elevation,This location has high southness,This location has a climate with low precipitation and cooler temperatures.,"This location has forests where trees lose their leaves seasonally, typically found in regions with distinct seasons including a warm growing season and a cold winter."
Ebbetts Pass,462,CA,CALIFORNIA,SNTL,SNOTEL,8661,38.5497,-119.80468,Alpine,3,10/1/1978,1/1/2100,280.01108,10.57064,38.57643879,-119.7907461,0.03015155,Ebbetts Pass,0.83579918,52,Shrub_Scrub,8,Csa,Temperate-dry_summer-hot_summer,This location has high elevation,This location has very high southness,"This location has a climate with hot, dry summers and mild, wet winters.","This location has areas dominated by shrubs and small trees, often found in regions with dry or semi-arid climates, or as a transitional stage in forest succession."
Echo Peak,463,CA,CALIFORNIA,SNTL,SNOTEL,7653,38.849,-120.0795,El Dorado,17,10/1/1980,1/1/2100,143.99179,19.59531,38.86052749,-120.1015906,0.024917455,Echo Peak,0.588340879,52,Shrub_Scrub,8,Csa,Temperate-dry_summer-hot_summer,This location has moderate elevation,This location has very high southness,"This location has a climate with hot, dry summers and mild, wet winters.","This location has areas dominated by shrubs and small trees, often found in regions with dry or semi-arid climates, or as a transitional stage in forest succession."
Eilertson Meadows,464,OR,OREGON,SNTL,SNOTEL,5510,44.86887,-118.11387,Baker,1,10/1/1979,1/1/2100,298.84637,5.48872,44.88320788,-118.1121857,0.014436471,Eilertson Meadows,0.65852931,42,Evergreen Forest,18,Dsb,Cold-dry_summer-warm_summer,This location has low elevation,This location has very high southness,"This location has a continental climate with warm summers and cold winters, characterized by significant seasonal temperature variation and relatively low precipitation.","This location has forests dominated by trees that retain their leaves throughout the year, typically found in regions with a moderate to high amount of rainfall."
El Diente Peak,465,CO,COLORADO,SNTL,SNOTEL,10217,37.78607,-108.02235,Dolores,33,10/1/1985,1/1/2100,39.9962,5.6906,37.78099044,-108.0408232,0.019158883,El Diente Peak,0.370905781,71,Grassland_Herbaceous,18,Dsb,Cold-dry_summer-warm_summer,This location has very high elevation,This location has high southness,"This location has a continental climate with warm summers and cold winters, characterized by significant seasonal temperature variation and relatively low precipitation.","This location has areas dominated by grasses and other herbaceous plants, often found in regions with moderate to low rainfall and no trees."
Elk Butte,466,ID,IDAHO,SNTL,SNOTEL,5690,46.83998,-116.12233,Clearwater,35,10/1/1982,1/1/2100,210.42613,17.0355,46.81501103,-116.1227808,0.024973041,Elk Butte,0.968777733,42,Evergreen Forest,8,Csa,Temperate-dry_summer-hot_summer,This location has low elevation,This location has very high southness,"This location has a climate with hot, dry summers and mild, wet winters.","This location has forests dominated by trees that retain their leaves throughout the year, typically found in regions with a moderate to high amount of rainfall."
Elk River,467,CO,COLORADO,SNTL,SNOTEL,8739,40.84758,-106.96861,Routt,107,10/1/1978,1/1/2100,280.95752,18.20327,40.84914837,-106.9839519,0.015421835,Elk River,0.128496502,41,Deciduous Forest,26,Dfb,Cold-no_dry_season-warm_summer,This location has high elevation,This location has high southness,"This location has a climate with warm summers and cold winters, with significant precipitation throughout the year.","This location has forests where trees lose their leaves seasonally, typically found in regions with distinct seasons including a warm growing season and a cold winter."
Emery Creek,469,MT,MONTANA,SNTL,SNOTEL,4350,48.43412,-113.93725,Flathead,29,10/1/1975,1/1/2100,219.44762,4.17145,48.40590773,-113.9468691,0.029807041,Emery Creek,-0.766642186,42,Evergreen Forest,26,Dfb,Cold-no_dry_season-warm_summer,This location has low elevation,This location has low southness,"This location has a climate with warm summers and cold winters, with significant precipitation throughout the year.","This location has forests dominated by trees that retain their leaves throughout the year, typically found in regions with a moderate to high amount of rainfall."
Emigrant Springs,470,OR,OREGON,SNTL,SNOTEL,3800,45.55808,-118.45383,Umatilla,59,10/1/1979,1/1/2100,161.4482,11.32557,45.56502076,-118.4230302,0.031572136,Emigrant Springs,0.318899551,42,Evergreen Forest,8,Csa,Temperate-dry_summer-hot_summer,This location has low elevation,This location has high southness,"This location has a climate with hot, dry summers and mild, wet winters.","This location has forests dominated by trees that retain their leaves throughout the year, typically found in regions with a moderate to high amount of rainfall."
Emigrant Summit,471,ID,IDAHO,SNTL,SNOTEL,7390,42.36055,-111.56085,Bear Lake,7,10/1/1979,1/1/2100,320.16675,6.84984,42.38322734,-111.5844508,0.032730089,Emigrant Summit,0.516539726,42,Evergreen Forest,7,BSk,Arid-steppe-cold,This location has moderate elevation,This location has very high southness,This location has a climate with low precipitation and cooler temperatures.,"This location has forests dominated by trees that retain their leaves throughout the year, typically found in regions with a moderate to high amount of rainfall."
Evening Star,472,WY,WYOMING,SNTL,SNOTEL,9200,44.65258,-109.78422,Park,29,10/1/1979,1/1/2100,0.93492,12.56865,44.65593692,-109.7815526,0.004287676,Evening Star,0.001353687,42,Evergreen Forest,26,Dfb,Cold-no_dry_season-warm_summer,This location has very high elevation,This location has moderate southness,"This location has a climate with warm summers and cold winters, with significant precipitation throughout the year.","This location has forests dominated by trees that retain their leaves throughout the year, typically found in regions with a moderate to high amount of rainfall."
Fallen Leaf,473,CA,CALIFORNIA,SNTL,SNOTEL,6242,38.93403,-120.0545,El Dorado,17,10/1/1979,1/1/2100,24.25804,1.53229,38.91734523,-120.0394217,0.022488563,Fallen Leaf,0.640750823,95,Emergent Herbaceous Wetlands,8,Csa,Temperate-dry_summer-hot_summer,This location has moderate elevation,This location has very high southness,"This location has a climate with hot, dry summers and mild, wet winters.","This location has wetlands characterized by the presence of herbaceous plants that emerge above the water surface, typically found in shallow water bodies."
Farmington,474,UT,UTAH,SNTL,SNOTEL,7902,40.97462,-111.80975,Davis,11,10/1/1978,1/1/2100,2.52157,15.15839,40.96278385,-111.8331264,0.026202105,Farmington,-0.425100873,41,Deciduous Forest,7,BSk,Arid-steppe-cold,This location has high elevation,This location has low southness,This location has a climate with low precipitation and cooler temperatures.,"This location has forests where trees lose their leaves seasonally, typically found in regions with distinct seasons including a warm growing season and a cold winter."
Farnsworth Lake,475,UT,UTAH,SNTL,SNOTEL,9623,38.77246,-111.67662,Sevier,41,7/24/1980,1/1/2100,355.76614,8.86968,38.74689201,-111.6466197,0.039417521,Farnsworth Lake,-0.379760313,41,Deciduous Forest,7,BSk,Arid-steppe-cold,This location has very high elevation,This location has low southness,This location has a climate with low precipitation and cooler temperatures.,"This location has forests where trees lose their leaves seasonally, typically found in regions with distinct seasons including a warm growing season and a cold winter."
Fawn Creek,476,NV,NEVADA,SNTL,SNOTEL,7031,41.82098,-116.10153,Elko,7,10/1/1980,1/1/2100,333.43225,21.57703,41.81504995,-116.1227808,0.022062666,Fawn Creek,0.366846891,41,Deciduous Forest,7,BSk,Arid-steppe-cold,This location has moderate elevation,This location has high southness,This location has a climate with low precipitation and cooler temperatures.,"This location has forests where trees lose their leaves seasonally, typically found in regions with distinct seasons including a warm growing season and a cold winter."
Fish Creek,477,OR,OREGON,SNTL,SNOTEL,7660,42.70992,-118.6321,Harney,25,10/1/1978,1/1/2100,53.49542,9.77336,42.72413378,-118.6095369,0.026666889,Fish Creek,0.340233408,52,Shrub_Scrub,7,BSk,Arid-steppe-cold,This location has moderate elevation,This location has high southness,This location has a climate with low precipitation and cooler temperatures.,"This location has areas dominated by shrubs and small trees, often found in regions with dry or semi-arid climates, or as a transitional stage in forest succession."
Fish Lake,478,WA,WASHINGTON,SNTL,SNOTEL,3430,47.53565,-121.08553,Kittitas,37,10/1/1979,1/1/2100,197.84328,15.6395,47.55364164,-121.0962931,0.020965297,Fish Lake,-0.068206795,42,Evergreen Forest,18,Dsb,Cold-dry_summer-warm_summer,This location has low elevation,This location has moderate southness,"This location has a continental climate with warm summers and cold winters, characterized by significant seasonal temperature variation and relatively low precipitation.","This location has forests dominated by trees that retain their leaves throughout the year, typically found in regions with a moderate to high amount of rainfall."
Fish Lk,479,OR,OREGON,SNTL,SNOTEL,4660,42.3801,-122.34943,Jackson,29,10/1/1979,1/1/2100,178.5493,3.01226,42.38322734,-122.3396712,0.010247664,Fish Lk,-0.111829674,42,Evergreen Forest,8,Csa,Temperate-dry_summer-hot_summer,This location has low elevation,This location has moderate southness,"This location has a climate with hot, dry summers and mild, wet winters.","This location has forests dominated by trees that retain their leaves throughout the year, typically found in regions with a moderate to high amount of rainfall."
Fisher Creek,480,MT,MONTANA,SNTL,SNOTEL,9100,45.06235,-109.94488,Park,67,10/1/1966,1/1/2100,52.74408,9.31986,45.0536611,-109.9680593,0.024754307,Fisher Creek,-0.082539712,42,Evergreen Forest,26,Dfb,Cold-no_dry_season-warm_summer,This location has very high elevation,This location has moderate southness,"This location has a climate with warm summers and cold winters, with significant precipitation throughout the year.","This location has forests dominated by trees that retain their leaves throughout the year, typically found in regions with a moderate to high amount of rainfall."
Five Points Lake,481,UT,UTAH,SNTL,SNOTEL,10943,40.71785,-110.46721,Duchesne,13,8/14/1980,1/1/2100,115.85046,3.37521,40.7355129,-110.4654105,0.017754325,Five Points Lake,0.21424927,42,Evergreen Forest,26,Dfb,Cold-no_dry_season-warm_summer,This location has very high elevation,This location has high southness,"This location has a climate with warm summers and cold winters, with significant precipitation throughout the year.","This location has forests dominated by trees that retain their leaves throughout the year, typically found in regions with a moderate to high amount of rainfall."
Flattop Mtn,482,MT,MONTANA,SNTL,SNOTEL,6300,48.80225,-113.85713,Flathead,29,10/1/1969,1/1/2100,351.05685,12.51603,48.80363191,-113.8847002,0.027604844,Flattop Mtn,-0.035002664,42,Evergreen Forest,26,Dfb,Cold-no_dry_season-warm_summer,This location has moderate elevation,This location has moderate southness,"This location has a climate with warm summers and cold winters, with significant precipitation throughout the year.","This location has forests dominated by trees that retain their leaves throughout the year, typically found in regions with a moderate to high amount of rainfall."
Fourmile Lake,483,OR,OREGON,SNTL,SNOTEL,5970,42.43933,-122.2288,Klamath,35,10/1/1978,1/1/2100,72.43899,5.99407,42.44004508,-122.2153334,0.013485589,Fourmile Lake,0.280376941,42,Evergreen Forest,8,Csa,Temperate-dry_summer-hot_summer,This location has low elevation,This location has high southness,"This location has a climate with hot, dry summers and mild, wet winters.","This location has forests dominated by trees that retain their leaves throughout the year, typically found in regions with a moderate to high amount of rainfall."
Franklin Basin,484,ID,IDAHO,SNTL,SNOTEL,8140,42.0505,-111.6012,Franklin,41,10/1/1978,1/1/2100,281.14526,7.53774,42.04232091,-111.5844508,0.01863958,Franklin Basin,-0.025926367,41,Deciduous Forest,7,BSk,Arid-steppe-cold,This location has high elevation,This location has moderate southness,This location has a climate with low precipitation and cooler temperatures.,"This location has forests where trees lose their leaves seasonally, typically found in regions with distinct seasons including a warm growing season and a cold winter."
Fremont Pass,485,CO,COLORADO,SNTL,SNOTEL,11326,39.38014,-106.19784,Summit,117,10/1/1979,1/1/2100,17.56779,13.7239,39.37188715,-106.1757561,0.023575564,Fremont Pass,0.261027952,42,Evergreen Forest,26,Dfb,Cold-no_dry_season-warm_summer,This location has very high elevation,This location has high southness,"This location has a climate with warm summers and cold winters, with significant precipitation throughout the year.","This location has forests dominated by trees that retain their leaves throughout the year, typically found in regions with a moderate to high amount of rainfall."
Frisco Divide,486,NM,NEW MEXICO,SNTL,SNOTEL,8013,33.73687,-108.94327,Catron,3,10/1/1971,1/1/2100,331.09415,16.92907,33.74693093,-108.9733568,0.031724413,Frisco Divide,0.316733834,42,Evergreen Forest,7,BSk,Arid-steppe-cold,This location has high elevation,This location has high southness,This location has a climate with low precipitation and cooler temperatures.,"This location has forests dominated by trees that retain their leaves throughout the year, typically found in regions with a moderate to high amount of rainfall."
Frohner Meadow,487,MT,MONTANA,SNTL,SNOTEL,6480,46.43545,-112.19277,Jefferson,43,10/1/1967,1/1/2100,119.53141,2.05281,46.41728685,-112.2061398,0.022553318,Frohner Meadow,0.875995636,42,Evergreen Forest,7,BSk,Arid-steppe-cold,This location has moderate elevation,This location has very high southness,This location has a climate with low precipitation and cooler temperatures.,"This location has forests dominated by trees that retain their leaves throughout the year, typically found in regions with a moderate to high amount of rainfall."
Fry,488,AZ,ARIZONA,SNTL,SNOTEL,7236,35.07356,-111.84477,Coconino,5,10/1/1978,1/1/2100,2.46139,5.45742,35.05373894,-111.8331264,0.022987994,Fry,0.571474267,42,Evergreen Forest,8,Csa,Temperate-dry_summer-hot_summer,This location has moderate elevation,This location has very high southness,"This location has a climate with hot, dry summers and mild, wet winters.","This location has forests dominated by trees that retain their leaves throughout the year, typically found in regions with a moderate to high amount of rainfall."
Galena,489,ID,IDAHO,SNTL,SNOTEL,7470,43.87722,-114.6725,Blaine,13,10/1/1979,1/1/2100,35.44619,11.14059,43.86048857,-114.692896,0.026380618,Galena,0.623826972,42,Evergreen Forest,18,Dsb,Cold-dry_summer-warm_summer,This location has moderate elevation,This location has very high southness,"This location has a continental climate with warm summers and cold winters, characterized by significant seasonal temperature variation and relatively low precipitation.","This location has forests dominated by trees that retain their leaves throughout the year, typically found in regions with a moderate to high amount of rainfall."
Galena Summit,490,ID,IDAHO,SNTL,SNOTEL,8780,43.87497,-114.71363,Blaine,13,10/1/1978,1/1/2100,66.69633,9.12791,43.86048857,-114.692896,0.025290534,Galena Summit,-0.219365927,42,Evergreen Forest,18,Dsb,Cold-dry_summer-warm_summer,This location has high elevation,This location has moderate southness,"This location has a continental climate with warm summers and cold winters, characterized by significant seasonal temperature variation and relatively low precipitation.","This location has forests dominated by trees that retain their leaves throughout the year, typically found in regions with a moderate to high amount of rainfall."
Gallegos Peak,491,NM,NEW MEXICO,SNTL,SNOTEL,9480,36.19418,-105.55742,Taos,55,10/1/1979,1/1/2100,3.34569,6.79738,36.19009373,-105.5540671,0.005285797,Gallegos Peak,-0.481625499,41,Deciduous Forest,7,BSk,Arid-steppe-cold,This location has very high elevation,This location has low southness,This location has a climate with low precipitation and cooler temperatures.,"This location has forests where trees lose their leaves seasonally, typically found in regions with distinct seasons including a warm growing season and a cold winter."
Garver Creek,918,MT,MONTANA,SNTL,SNOTEL,4250,48.97523,-115.81915,Lincoln,53,10/1/1968,1/1/2100,97.75777,1.67581,48.97408513,-115.8119363,0.007304024,Garver Creek,-0.927766295,42,Evergreen Forest,18,Dsb,Cold-dry_summer-warm_summer,This location has low elevation,This location has low southness,"This location has a continental climate with warm summers and cold winters, characterized by significant seasonal temperature variation and relatively low precipitation.","This location has forests dominated by trees that retain their leaves throughout the year, typically found in regions with a moderate to high amount of rainfall."
Giveout,493,ID,IDAHO,SNTL,SNOTEL,6930,42.4132,-111.1663,Bear Lake,7,10/1/1979,1/1/2100,77.30629,12.7754,42.44004508,-111.1492685,0.031792012,Giveout,-0.068667743,52,Shrub_Scrub,7,BSk,Arid-steppe-cold,This location has moderate elevation,This location has moderate southness,This location has a climate with low precipitation and cooler temperatures.,"This location has areas dominated by shrubs and small trees, often found in regions with dry or semi-arid climates, or as a transitional stage in forest succession."
Gold Center,494,OR,OREGON,SNTL,SNOTEL,5410,44.7638,-118.3117,Grant,23,10/1/1979,1/1/2100,214.2847,15.77933,44.7695724,-118.2986924,0.01423087,Gold Center,-0.05648836,42,Evergreen Forest,18,Dsb,Cold-dry_summer-warm_summer,This location has low elevation,This location has moderate southness,"This location has a continental climate with warm summers and cold winters, characterized by significant seasonal temperature variation and relatively low precipitation.","This location has forests dominated by trees that retain their leaves throughout the year, typically found in regions with a moderate to high amount of rainfall."
Gooseberry RS,495,UT,UTAH,SNTL,SNOTEL,7944,38.80034,-111.68333,Sevier,41,6/27/1979,1/1/2100,4.77186,6.13332,38.80370975,-111.7087886,0.025680634,Gooseberry RS,-0.008874085,22,Developed_Low Intensity,7,BSk,Arid-steppe-cold,This location has high elevation,This location has moderate southness,This location has a climate with low precipitation and cooler temperatures.,"This location has urban and suburban areas with low-density development, such as residential areas with single-family homes and associated green spaces."
Graham Guard Sta,496,ID,IDAHO,SNTL,SNOTEL,5690,43.9538,-115.27387,Elmore,39,10/1/1978,1/1/2100,257.29135,2.59077,43.97412405,-115.2524161,0.029552256,Graham Guard Sta,0.496942528,52,Shrub_Scrub,17,Dsa,Cold-dry_summer-hot_summer,This location has low elevation,This location has very high southness,"This location has a continental climate with hot summers and cold winters, featuring significant seasonal temperature variation and relatively low precipitation.","This location has areas dominated by shrubs and small trees, often found in regions with dry or semi-arid climates, or as a transitional stage in forest succession."
Granite Creek,497,WY,WYOMING,SNTL,SNOTEL,6770,43.34298,-110.43495,Teton,39,10/1/1987,1/1/2100,285.09396,4.333,43.34912891,-110.4654105,0.031074936,Granite Creek,0.653154322,42,Evergreen Forest,26,Dfb,Cold-no_dry_season-warm_summer,This location has moderate elevation,This location has very high southness,"This location has a climate with warm summers and cold winters, with significant precipitation throughout the year.","This location has forests dominated by trees that retain their leaves throughout the year, typically found in regions with a moderate to high amount of rainfall."
Granite Peak,498,NV,NEVADA,SNTL,SNOTEL,8503,41.67032,-117.56668,Humboldt,13,10/1/1980,1/1/2100,80.79314,12.99188,41.64459673,-117.5526656,0.029293187,Granite Peak,0.26036657,43,Mixed Forest,7,BSk,Arid-steppe-cold,This location has high elevation,This location has high southness,This location has a climate with low precipitation and cooler temperatures.,"This location has forests characterized by a combination of both evergreen and deciduous trees, often found in temperate regions with moderate climates."
Grassy Lake,499,WY,WYOMING,SNTL,SNOTEL,7265,44.12612,-110.83435,Teton,39,9/1/1962,1/1/2100,167.05688,7.03134,44.14457727,-110.8384239,0.018901526,Grassy Lake,-0.579081882,42,Evergreen Forest,18,Dsb,Cold-dry_summer-warm_summer,This location has moderate elevation,This location has low southness,"This location has a continental climate with warm summers and cold winters, characterized by significant seasonal temperature variation and relatively low precipitation.","This location has forests dominated by trees that retain their leaves throughout the year, typically found in regions with a moderate to high amount of rainfall."
Grave Creek,500,MT,MONTANA,SNTL,SNOTEL,4300,48.91453,-114.76663,Flathead,29,10/1/1968,1/1/2100,121.33372,12.7075,48.91726739,-114.7550649,0.011884657,Grave Creek,-0.052487903,42,Evergreen Forest,18,Dsb,Cold-dry_summer-warm_summer,This location has low elevation,This location has moderate southness,"This location has a continental climate with warm summers and cold winters, characterized by significant seasonal temperature variation and relatively low precipitation.","This location has forests dominated by trees that retain their leaves throughout the year, typically found in regions with a moderate to high amount of rainfall."
Green Lake,502,WA,WASHINGTON,SNTL,SNOTEL,5920,46.54741,-121.17093,Yakima,77,10/1/1981,1/1/2100,79.20468,5.10466,46.53092233,-121.158462,0.02067109,Green Lake,0.727222884,42,Evergreen Forest,18,Dsb,Cold-dry_summer-warm_summer,This location has low elevation,This location has very high southness,"This location has a continental climate with warm summers and cold winters, characterized by significant seasonal temperature variation and relatively low precipitation.","This location has forests dominated by trees that retain their leaves throughout the year, typically found in regions with a moderate to high amount of rainfall."
Green Mountain,503,NV,NEVADA,SNTL,SNOTEL,8185,40.3848,-115.52757,Elko,7,10/1/1980,1/1/2100,234.81409,18.52357,40.39460646,-115.5010917,0.028235879,Green Mountain,0.221881089,41,Deciduous Forest,7,BSk,Arid-steppe-cold,This location has high elevation,This location has high southness,This location has a climate with low precipitation and cooler temperatures.,"This location has forests where trees lose their leaves seasonally, typically found in regions with distinct seasons including a warm growing season and a cold winter."
Greenpoint,504,OR,OREGON,SNTL,SNOTEL,3310,45.62237,-121.70415,Hood River,27,10/1/1978,1/1/2100,22.33606,8.76636,45.6218385,-121.7179822,0.013842358,Greenpoint,-0.575830669,42,Evergreen Forest,8,Csa,Temperate-dry_summer-hot_summer,This location has low elevation,This location has low southness,"This location has a climate with hot, dry summers and mild, wet winters.","This location has forests dominated by trees that retain their leaves throughout the year, typically found in regions with a moderate to high amount of rainfall."
Grizzly Peak,505,CO,COLORADO,SNTL,SNOTEL,11139,39.64646,-105.8694,Summit,117,10/1/1979,1/1/2100,130.85869,15.63579,39.65597584,-105.8649116,0.010521264,Grizzly Peak,0.033465046,42,Evergreen Forest,26,Dfb,Cold-no_dry_season-warm_summer,This location has very high elevation,This location has high southness,"This location has a climate with warm summers and cold winters, with significant precipitation throughout the year.","This location has forests dominated by trees that retain their leaves throughout the year, typically found in regions with a moderate to high amount of rainfall."
Gros Ventre Summit,506,WY,WYOMING,SNTL,SNOTEL,8750,43.38939,-110.12943,Teton,39,4/1/1976,1/1/2100,359.42984,0.8156,43.40594665,-110.154566,0.030098847,Gros Ventre Summit,0.202986761,42,Evergreen Forest,26,Dfb,Cold-no_dry_season-warm_summer,This location has high elevation,This location has high southness,"This location has a climate with warm summers and cold winters, with significant precipitation throughout the year.","This location has forests dominated by trees that retain their leaves throughout the year, typically found in regions with a moderate to high amount of rainfall."
Grouse Camp,507,WA,WASHINGTON,SNTL,SNOTEL,5390,47.28107,-120.48771,Kittitas,37,10/1/1979,1/1/2100,170.06296,6.43269,47.26955294,-120.4746041,0.017447293,Grouse Camp,0.136187313,71,Grassland_Herbaceous,5,BWk,Arid-desert-cold,This location has low elevation,This location has high southness,This location has a climate with very low precipitation and cooler temperatures.,"This location has areas dominated by grasses and other herbaceous plants, often found in regions with moderate to low rainfall and no trees."
Hagans Meadow,508,CA,CALIFORNIA,SNTL,SNOTEL,7742,38.8519,-119.9374,El Dorado,17,10/1/1978,1/1/2100,193.6149,6.57443,38.86052749,-119.9150839,0.023925729,Hagans Meadow,0.113655303,95,Emergent Herbaceous Wetlands,8,Csa,Temperate-dry_summer-hot_summer,This location has moderate elevation,This location has high southness,"This location has a climate with hot, dry summers and mild, wet winters.","This location has wetlands characterized by the presence of herbaceous plants that emerge above the water surface, typically found in shallow water bodies."
Hams Fork,509,WY,WYOMING,SNTL,SNOTEL,7840,42.146,-110.67833,Lincoln,23,10/1/1984,1/1/2100,243.83203,12.53751,42.15595638,-110.6519172,0.028227019,Hams Fork,-0.010127602,43,Mixed Forest,26,Dfb,Cold-no_dry_season-warm_summer,This location has moderate elevation,This location has moderate southness,"This location has a climate with warm summers and cold winters, with significant precipitation throughout the year.","This location has forests characterized by a combination of both evergreen and deciduous trees, often found in temperate regions with moderate climates."
Hand Creek,510,MT,MONTANA,SNTL,SNOTEL,5035,48.30754,-114.84075,Flathead,29,10/1/1976,1/1/2100,94.86694,5.58913,48.29227226,-114.8172338,0.028037759,Hand Creek,-0.52091702,52,Shrub_Scrub,26,Dfb,Cold-no_dry_season-warm_summer,This location has low elevation,This location has low southness,"This location has a climate with warm summers and cold winters, with significant precipitation throughout the year.","This location has areas dominated by shrubs and small trees, often found in regions with dry or semi-arid climates, or as a transitional stage in forest succession."
Hannagan Meadows,511,AZ,ARIZONA,SNTL,SNOTEL,9027,33.65352,-109.30877,Greenlee,11,10/1/1956,1/1/2100,24.84503,8.24051,33.63329545,-109.2842013,0.031822193,Hannagan Meadows,0.888151729,42,Evergreen Forest,7,BSk,Arid-steppe-cold,This location has high elevation,This location has very high southness,This location has a climate with low precipitation and cooler temperatures.,"This location has forests dominated by trees that retain their leaves throughout the year, typically found in regions with a moderate to high amount of rainfall."
Hansen Sawmill,512,WY,WYOMING,SNTL,SNOTEL,8360,44.25602,-106.97983,Johnson,19,10/1/1979,1/1/2100,114.94386,4.97215,44.25821275,-106.9839519,0.004668834,Hansen Sawmill,0.263114118,42,Evergreen Forest,7,BSk,Arid-steppe-cold,This location has high elevation,This location has high southness,This location has a climate with low precipitation and cooler temperatures.,"This location has forests dominated by trees that retain their leaves throughout the year, typically found in regions with a moderate to high amount of rainfall."
Harris Flat,514,UT,UTAH,SNTL,SNOTEL,7792,37.48997,-112.57602,Kane,25,8/4/1979,1/1/2100,96.49035,0.63395,37.49690174,-112.5791532,0.007606988,Harris Flat,-0.368652875,52,Shrub_Scrub,7,BSk,Arid-steppe-cold,This location has moderate elevation,This location has low southness,This location has a climate with low precipitation and cooler temperatures.,"This location has areas dominated by shrubs and small trees, often found in regions with dry or semi-arid climates, or as a transitional stage in forest succession."
Harts Pass,515,WA,WASHINGTON,SNTL,SNOTEL,6490,48.72047,-120.6586,Okanogan,47,10/1/1979,1/1/2100,264.77277,9.85728,48.74681417,-120.6611108,0.026463549,Harts Pass,-0.267385009,42,Evergreen Forest,18,Dsb,Cold-dry_summer-warm_summer,This location has moderate elevation,This location has moderate southness,"This location has a continental climate with warm summers and cold winters, characterized by significant seasonal temperature variation and relatively low precipitation.","This location has forests dominated by trees that retain their leaves throughout the year, typically found in regions with a moderate to high amount of rainfall."
Hawkins Lake,516,MT,MONTANA,SNTL,SNOTEL,6450,48.9723,-115.95337,Lincoln,53,10/1/1968,1/1/2100,80.96276,14.34138,48.97408513,-115.9362741,0.017188879,Hawkins Lake,0.737055515,42,Evergreen Forest,18,Dsb,Cold-dry_summer-warm_summer,This location has moderate elevation,This location has very high southness,"This location has a continental climate with warm summers and cold winters, characterized by significant seasonal temperature variation and relatively low precipitation.","This location has forests dominated by trees that retain their leaves throughout the year, typically found in regions with a moderate to high amount of rainfall."
Hayden Fork,517,UT,UTAH,SNTL,SNOTEL,9130,40.79669,-110.88472,Summit,43,10/1/1978,1/1/2100,115.32014,22.3802,40.79233064,-110.9005928,0.016460588,Hayden Fork,0.230159722,43,Mixed Forest,26,Dfb,Cold-no_dry_season-warm_summer,This location has very high elevation,This location has high southness,"This location has a climate with warm summers and cold winters, with significant precipitation throughout the year.","This location has forests characterized by a combination of both evergreen and deciduous trees, often found in temperate regions with moderate climates."
Heavenly Valley,518,CA,CALIFORNIA,SNTL,SNOTEL,8534,38.92431,-119.91641,El Dorado,17,10/1/1978,1/1/2100,247.80742,8.83528,38.91734523,-119.9150839,0.007089886,Heavenly Valley,-0.516614687,52,Shrub_Scrub,8,Csa,Temperate-dry_summer-hot_summer,This location has high elevation,This location has low southness,"This location has a climate with hot, dry summers and mild, wet winters.","This location has areas dominated by shrubs and small trees, often found in regions with dry or semi-arid climates, or as a transitional stage in forest succession."
Heber,519,AZ,ARIZONA,SNTL,SNOTEL,7654,34.31254,-110.75433,Coconino,5,10/1/1953,1/1/2100,74.56279,1.84096,34.31510833,-110.776255,0.022074943,Heber,0.646522317,42,Evergreen Forest,8,Csa,Temperate-dry_summer-hot_summer,This location has moderate elevation,This location has very high southness,"This location has a climate with hot, dry summers and mild, wet winters.","This location has forests dominated by trees that retain their leaves throughout the year, typically found in regions with a moderate to high amount of rainfall."
Hemlock Butte,520,ID,IDAHO,SNTL,SNOTEL,5810,46.48111,-115.63361,Clearwater,35,10/1/1982,1/1/2100,15.41865,34.30747,46.47410459,-115.6254295,0.010770124,Hemlock Butte,-0.237167535,52,Shrub_Scrub,8,Csa,Temperate-dry_summer-hot_summer,This location has low elevation,This location has moderate southness,"This location has a climate with hot, dry summers and mild, wet winters.","This location has areas dominated by shrubs and small trees, often found in regions with dry or semi-arid climates, or as a transitional stage in forest succession."
Hewinta,521,UT,UTAH,SNTL,SNOTEL,9500,40.95009,-110.48419,Summit,43,9/19/1985,1/1/2100,98.81105,7.05022,40.96278385,-110.4654105,0.022667229,Hewinta,-0.103105691,42,Evergreen Forest,26,Dfb,Cold-no_dry_season-warm_summer,This location has very high elevation,This location has moderate southness,"This location has a climate with warm summers and cold winters, with significant precipitation throughout the year.","This location has forests dominated by trees that retain their leaves throughout the year, typically found in regions with a moderate to high amount of rainfall."
Hickerson Park,522,UT,UTAH,SNTL,SNOTEL,9122,40.90663,-109.96287,Daggett,9,9/17/1985,1/1/2100,38.37312,5.38773,40.90596611,-109.9680593,0.005231568,Hickerson Park,-0.609820388,52,Shrub_Scrub,7,BSk,Arid-steppe-cold,This location has very high elevation,This location has low southness,This location has a climate with low precipitation and cooler temperatures.,"This location has areas dominated by shrubs and small trees, often found in regions with dry or semi-arid climates, or as a transitional stage in forest succession."
High Ridge,523,OR,OREGON,SNTL,SNOTEL,4920,45.69682,-118.10657,Umatilla,59,10/1/1978,1/1/2100,44.44621,4.89488,45.67865624,-118.1121857,0.019012063,High Ridge,-0.879458256,42,Evergreen Forest,8,Csa,Temperate-dry_summer-hot_summer,This location has low elevation,This location has low southness,"This location has a climate with hot, dry summers and mild, wet winters.","This location has forests dominated by trees that retain their leaves throughout the year, typically found in regions with a moderate to high amount of rainfall."
Hilts Creek,524,ID,IDAHO,SNTL,SNOTEL,8000,44.01897,-113.4723,Custer,37,10/1/1979,1/1/2100,26.82383,22.85457,44.03094179,-113.4495179,0.025736115,Hilts Creek,0.09121038,42,Evergreen Forest,7,BSk,Arid-steppe-cold,This location has high elevation,This location has high southness,This location has a climate with low precipitation and cooler temperatures.,"This location has forests dominated by trees that retain their leaves throughout the year, typically found in regions with a moderate to high amount of rainfall."
Hobbs Park,525,WY,WYOMING,SNTL,SNOTEL,10100,42.86984,-109.09455,Fremont,13,10/1/1978,1/1/2100,4.95282,8.78495,42.894587,-109.0976946,0.024945993,Hobbs Park,0.142172076,42,Evergreen Forest,26,Dfb,Cold-no_dry_season-warm_summer,This location has very high elevation,This location has high southness,"This location has a climate with warm summers and cold winters, with significant precipitation throughout the year.","This location has forests dominated by trees that retain their leaves throughout the year, typically found in regions with a moderate to high amount of rainfall."
Hogg Pass,526,OR,OREGON,SNTL,SNOTEL,4790,44.42042,-121.85655,Linn,43,10/1/1978,1/1/2100,341.4288,6.67355,44.42866597,-121.84232,0.016446581,Hogg Pass,-0.204059827,52,Shrub_Scrub,9,Csb,Temperate-dry_summer-warm_summer,This location has low elevation,This location has moderate southness,"This location has a climate with warm, dry summers and mild, wet winters.","This location has areas dominated by shrubs and small trees, often found in regions with dry or semi-arid climates, or as a transitional stage in forest succession."
Hole in Rock,528,UT,UTAH,SNTL,SNOTEL,9168,40.92167,-110.18623,Summit,43,9/18/1985,1/1/2100,346.90591,7.863,40.90596611,-110.2167349,0.034309771,Hole-in-Rock,0.237768936,42,Evergreen Forest,26,Dfb,Cold-no_dry_season-warm_summer,This location has very high elevation,This location has high southness,"This location has a climate with warm summers and cold winters, with significant precipitation throughout the year.","This location has forests dominated by trees that retain their leaves throughout the year, typically found in regions with a moderate to high amount of rainfall."
Holland Meadows,529,OR,OREGON,SNTL,SNOTEL,4930,43.66917,-122.56877,Lane,39,10/1/1979,1/1/2100,354.53806,2.84029,43.69003535,-122.5883468,0.028611437,Holland Meadows,-0.265664402,42,Evergreen Forest,8,Csa,Temperate-dry_summer-hot_summer,This location has low elevation,This location has moderate southness,"This location has a climate with hot, dry summers and mild, wet winters.","This location has forests dominated by trees that retain their leaves throughout the year, typically found in regions with a moderate to high amount of rainfall."
Hoodoo Basin,530,MT,MONTANA,SNTL,SNOTEL,6050,46.9751,-115.0349,Mineral,61,10/1/1966,1/1/2100,3.06462,8.93541,46.98546425,-115.0659094,0.032695583,Hoodoo Basin,-0.468676285,42,Evergreen Forest,18,Dsb,Cold-dry_summer-warm_summer,This location has moderate elevation,This location has low southness,"This location has a continental climate with warm summers and cold winters, characterized by significant seasonal temperature variation and relatively low precipitation.","This location has forests dominated by trees that retain their leaves throughout the year, typically found in regions with a moderate to high amount of rainfall."
Hoosier Pass,531,CO,COLORADO,SNTL,SNOTEL,11611,39.36092,-106.05999,Summit,117,10/1/1979,1/1/2100,311.23425,6.47037,39.37188715,-106.0514183,0.013919486,Hoosier Pass,-0.181746114,42,Evergreen Forest,26,Dfb,Cold-no_dry_season-warm_summer,This location has very high elevation,This location has moderate southness,"This location has a climate with warm summers and cold winters, with significant precipitation throughout the year.","This location has forests dominated by trees that retain their leaves throughout the year, typically found in regions with a moderate to high amount of rainfall."
Hopewell,532,NM,NEW MEXICO,SNTL,SNOTEL,10095,36.71632,-106.2637,Rio Arriba,39,10/1/1978,1/1/2100,24.74596,9.93647,36.70145339,-106.237925,0.02975509,Hopewell,-0.453481602,42,Evergreen Forest,26,Dfb,Cold-no_dry_season-warm_summer,This location has very high elevation,This location has low southness,"This location has a climate with warm summers and cold winters, with significant precipitation throughout the year.","This location has forests dominated by trees that retain their leaves throughout the year, typically found in regions with a moderate to high amount of rainfall."
Horse Ridge,533,UT,UTAH,SNTL,SNOTEL,8199,41.31372,-111.44624,Morgan,29,10/1/1978,1/1/2100,158.42543,10.69563,41.30369029,-111.460113,0.017118833,Horse Ridge,-0.213144396,41,Deciduous Forest,7,BSk,Arid-steppe-cold,This location has high elevation,This location has moderate southness,This location has a climate with low precipitation and cooler temperatures.,"This location has forests where trees lose their leaves seasonally, typically found in regions with distinct seasons including a warm growing season and a cold winter."
Howell Canyon,534,ID,IDAHO,SNTL,SNOTEL,7980,42.32029,-113.61587,Cassia,31,10/1/1978,1/1/2100,109.12207,4.78138,42.3264096,-113.6360246,0.021063193,Howell Canyon,0.670561856,42,Evergreen Forest,7,BSk,Arid-steppe-cold,This location has high elevation,This location has very high southness,This location has a climate with low precipitation and cooler temperatures.,"This location has forests dominated by trees that retain their leaves throughout the year, typically found in regions with a moderate to high amount of rainfall."
Hyndman,537,ID,IDAHO,SNTL,SNOTEL,7620,43.71077,-114.15894,Blaine,13,10/1/1979,1/1/2100,198.51672,7.63119,43.69003535,-114.1333758,0.032915823,Hyndman,-0.806923637,90,Woody Wetlands,18,Dsb,Cold-dry_summer-warm_summer,This location has moderate elevation,This location has low southness,"This location has a continental climate with warm summers and cold winters, characterized by significant seasonal temperature variation and relatively low precipitation.","This location has wetlands with a predominance of woody plants, including shrubs and small trees, often found in areas with periodic flooding or high water tables."
Idarado,538,CO,COLORADO,SNTL,SNOTEL,9812,37.93389,-107.6762,Ouray,91,10/1/1979,1/1/2100,270.7883,10.94916,37.95144366,-107.6678098,0.019455744,Idarado,-0.818002454,90,Woody Wetlands,26,Dfb,Cold-no_dry_season-warm_summer,This location has very high elevation,This location has low southness,"This location has a climate with warm summers and cold winters, with significant precipitation throughout the year.","This location has wetlands with a predominance of woody plants, including shrubs and small trees, often found in areas with periodic flooding or high water tables."
Independence Camp,539,CA,CALIFORNIA,SNTL,SNOTEL,6980,39.45269,-120.29367,Sierra,91,10/1/1978,1/1/2100,143.72675,1.03604,39.42870489,-120.2880974,0.024623973,Independence Camp,0.607711547,42,Evergreen Forest,8,Csa,Temperate-dry_summer-hot_summer,This location has moderate elevation,This location has very high southness,"This location has a climate with hot, dry summers and mild, wet winters.","This location has forests dominated by trees that retain their leaves throughout the year, typically found in regions with a moderate to high amount of rainfall."
Independence Creek,540,CA,CALIFORNIA,SNTL,SNOTEL,6436,39.49001,-120.28226,Sierra,91,10/1/1980,1/1/2100,63.00666,7.01705,39.48552263,-120.2880974,0.007362829,Independence Creek,0.659537702,42,Evergreen Forest,8,Csa,Temperate-dry_summer-hot_summer,This location has moderate elevation,This location has very high southness,"This location has a climate with hot, dry summers and mild, wet winters.","This location has forests dominated by trees that retain their leaves throughout the year, typically found in regions with a moderate to high amount of rainfall."
Independence Lake,541,CA,CALIFORNIA,SNTL,SNOTEL,8338,39.42752,-120.31342,Nevada,57,10/1/1978,1/1/2100,6.50851,20.70141,39.42870489,-120.2880974,0.02535035,Independence Lake,0.936476058,42,Evergreen Forest,8,Csa,Temperate-dry_summer-hot_summer,This location has high elevation,This location has very high southness,"This location has a climate with hot, dry summers and mild, wet winters.","This location has forests dominated by trees that retain their leaves throughout the year, typically found in regions with a moderate to high amount of rainfall."
Independence Pass,542,CO,COLORADO,SNTL,SNOTEL,10598,39.07543,-106.61154,Pitkin,97,10/1/1979,1/1/2100,242.13977,10.22024,39.08779845,-106.6109385,0.012383068,Independence Pass,0.694200453,42,Evergreen Forest,26,Dfb,Cold-no_dry_season-warm_summer,This location has very high elevation,This location has very high southness,"This location has a climate with warm summers and cold winters, with significant precipitation throughout the year.","This location has forests dominated by trees that retain their leaves throughout the year, typically found in regions with a moderate to high amount of rainfall."
Indian Creek,544,WY,WYOMING,SNTL,SNOTEL,9425,42.30023,-110.67753,Lincoln,23,10/1/1979,1/1/2100,297.13995,3.97474,42.3264096,-110.6519172,0.036624939,Indian Creek,0.18985542,42,Evergreen Forest,26,Dfb,Cold-no_dry_season-warm_summer,This location has very high elevation,This location has high southness,"This location has a climate with warm summers and cold winters, with significant precipitation throughout the year.","This location has forests dominated by trees that retain their leaves throughout the year, typically found in regions with a moderate to high amount of rainfall."
Irish Taylor,545,OR,OREGON,SNTL,SNOTEL,5540,43.80368,-121.94793,Deschutes,17,10/1/1978,1/1/2100,344.59485,14.78328,43.80367083,-121.9666578,0.018727769,Irish Taylor,0.444516835,42,Evergreen Forest,9,Csb,Temperate-dry_summer-warm_summer,This location has low elevation,This location has very high southness,"This location has a climate with warm, dry summers and mild, wet winters.","This location has forests dominated by trees that retain their leaves throughout the year, typically found in regions with a moderate to high amount of rainfall."
Island Park,546,ID,IDAHO,SNTL,SNOTEL,6290,44.4203,-111.38512,Fremont,43,10/1/1979,1/1/2100,169.06406,0.20817,44.42866597,-111.3979441,0.015311634,Island Park,0.172651107,42,Evergreen Forest,17,Dsa,Cold-dry_summer-hot_summer,This location has moderate elevation,This location has high southness,"This location has a continental climate with hot summers and cold winters, featuring significant seasonal temperature variation and relatively low precipitation.","This location has forests dominated by trees that retain their leaves throughout the year, typically found in regions with a moderate to high amount of rainfall."
Jack Creek Upper,548,NV,NEVADA,SNTL,SNOTEL,7377,41.54675,-116.00517,Elko,7,10/1/1978,1/1/2100,10.98391,23.88566,41.53096125,-115.998443,0.017162096,Jack Creek Upper,0.011058196,41,Deciduous Forest,7,BSk,Arid-steppe-cold,This location has moderate elevation,This location has high southness,This location has a climate with low precipitation and cooler temperatures.,"This location has forests where trees lose their leaves seasonally, typically found in regions with distinct seasons including a warm growing season and a cold winter."
Jackson Peak,550,ID,IDAHO,SNTL,SNOTEL,7070,44.05092,-115.44322,Boise,15,10/1/1979,1/1/2100,39.40748,8.63081,44.03094179,-115.4389228,0.02043513,Jackson Peak,-0.097798871,42,Evergreen Forest,18,Dsb,Cold-dry_summer-warm_summer,This location has moderate elevation,This location has moderate southness,"This location has a continental climate with warm summers and cold winters, characterized by significant seasonal temperature variation and relatively low precipitation.","This location has forests dominated by trees that retain their leaves throughout the year, typically found in regions with a moderate to high amount of rainfall."
Joe Wright,551,CO,COLORADO,SNTL,SNOTEL,10158,40.53285,-105.88747,Larimer,69,10/1/1978,1/1/2100,341.49414,10.87576,40.50824194,-105.8649116,0.0333832,Joe Wright,0.585993224,42,Evergreen Forest,26,Dfb,Cold-no_dry_season-warm_summer,This location has very high elevation,This location has very high southness,"This location has a climate with warm summers and cold winters, with significant precipitation throughout the year.","This location has forests dominated by trees that retain their leaves throughout the year, typically found in regions with a moderate to high amount of rainfall."
Jump Off Joe,552,OR,OREGON,SNTL,SNOTEL,3520,44.38605,-122.16683,Linn,43,10/1/1978,1/1/2100,169.47565,5.34021,44.37184823,-122.1531645,0.0197088,Jump Off Joe,-0.797594518,42,Evergreen Forest,9,Csb,Temperate-dry_summer-warm_summer,This location has low elevation,This location has low southness,"This location has a climate with warm, dry summers and mild, wet winters.","This location has forests dominated by trees that retain their leaves throughout the year, typically found in regions with a moderate to high amount of rainfall."
June Lake,553,WA,WASHINGTON,SNTL,SNOTEL,3440,46.14778,-122.15413,Skamania,59,10/1/1980,1/1/2100,88.94463,5.7391,46.13319815,-122.1531645,0.014613778,June Lake,-0.288319406,42,Evergreen Forest,9,Csb,Temperate-dry_summer-warm_summer,This location has low elevation,This location has moderate southness,"This location has a climate with warm, dry summers and mild, wet winters.","This location has forests dominated by trees that retain their leaves throughout the year, typically found in regions with a moderate to high amount of rainfall."
Kiln,556,CO,COLORADO,SNTL,SNOTEL,9624,39.3172,-106.61501,Pitkin,97,10/1/1979,1/1/2100,297.78296,3.85267,39.31506941,-106.6109385,0.004595316,Kiln,0.512232758,42,Evergreen Forest,26,Dfb,Cold-no_dry_season-warm_summer,This location has very high elevation,This location has very high southness,"This location has a climate with warm summers and cold winters, with significant precipitation throughout the year.","This location has forests dominated by trees that retain their leaves throughout the year, typically found in regions with a moderate to high amount of rainfall."
Kimberly Mine,557,UT,UTAH,SNTL,SNOTEL,9101,38.48383,-112.39273,Piute,31,7/23/1980,1/1/2100,10.5062,17.47449,38.46280331,-112.3926465,0.021026852,Kimberly Mine,0.461098066,43,Mixed Forest,7,BSk,Arid-steppe-cold,This location has very high elevation,This location has very high southness,This location has a climate with low precipitation and cooler temperatures.,"This location has forests characterized by a combination of both evergreen and deciduous trees, often found in temperate regions with moderate climates."
King Mountain,558,OR,OREGON,SNTL,SNOTEL,4340,42.72395,-123.20037,Jackson,29,10/1/1979,1/1/2100,359.46561,24.36527,42.72413378,-123.2100358,0.009667596,King Mountain,-0.16958885,42,Evergreen Forest,8,Csa,Temperate-dry_summer-hot_summer,This location has low elevation,This location has moderate southness,"This location has a climate with hot, dry summers and mild, wet winters.","This location has forests dominated by trees that retain their leaves throughout the year, typically found in regions with a moderate to high amount of rainfall."
Kings Cabin,559,UT,UTAH,SNTL,SNOTEL,8728,40.71632,-109.54401,Uintah,47,10/1/1978,1/1/2100,167.68977,2.9576,40.7355129,-109.5328769,0.022188108,Kings Cabin,-0.068784991,42,Evergreen Forest,7,BSk,Arid-steppe-cold,This location has high elevation,This location has moderate southness,This location has a climate with low precipitation and cooler temperatures.,"This location has forests dominated by trees that retain their leaves throughout the year, typically found in regions with a moderate to high amount of rainfall."
Kirwin,560,WY,WYOMING,SNTL,SNOTEL,9550,43.86067,-109.32163,Park,29,10/1/1979,1/1/2100,327.80991,21.18119,43.86048857,-109.3463702,0.024740898,Kirwin,0.338630416,42,Evergreen Forest,26,Dfb,Cold-no_dry_season-warm_summer,This location has very high elevation,This location has high southness,"This location has a climate with warm summers and cold winters, with significant precipitation throughout the year.","This location has forests dominated by trees that retain their leaves throughout the year, typically found in regions with a moderate to high amount of rainfall."
Kolob,561,UT,UTAH,SNTL,SNOTEL,9263,37.52664,-113.05386,Iron,21,10/1/1978,1/1/2100,22.2797,8.0099,37.55371948,-113.0765045,0.035299727,Kolob,-0.947027947,41,Deciduous Forest,7,BSk,Arid-steppe-cold,This location has very high elevation,This location has low southness,This location has a climate with low precipitation and cooler temperatures.,"This location has forests where trees lose their leaves seasonally, typically found in regions with distinct seasons including a warm growing season and a cold winter."
Kraft Creek,562,MT,MONTANA,SNTL,SNOTEL,4750,47.42749,-113.77515,Missoula,63,10/1/1979,1/1/2100,20.31408,9.1288,47.44000616,-113.7603624,0.01937335,Kraft Creek,0.030938691,52,Shrub_Scrub,18,Dsb,Cold-dry_summer-warm_summer,This location has low elevation,This location has high southness,"This location has a continental climate with warm summers and cold winters, characterized by significant seasonal temperature variation and relatively low precipitation.","This location has areas dominated by shrubs and small trees, often found in regions with dry or semi-arid climates, or as a transitional stage in forest succession."
Lake Eldora,564,CO,COLORADO,SNTL,SNOTEL,9728,39.93659,-105.59031,Boulder,13,10/1/1978,1/1/2100,71.85338,11.35721,39.94006454,-105.616236,0.026157775,Lake Eldora,0.860297497,21,Developed_Open Space,26,Dfb,Cold-no_dry_season-warm_summer,This location has very high elevation,This location has very high southness,"This location has a climate with warm summers and cold winters, with significant precipitation throughout the year.","This location has urban areas with open spaces and low-density development, such as parks, golf courses, and other recreational areas."
Lake Irene,565,CO,COLORADO,SNTL,SNOTEL,10682,40.41446,-105.81941,Grand,49,10/1/1978,1/1/2100,128.69084,8.76191,40.39460646,-105.8027427,0.025922231,Lake Irene,-0.611353403,42,Evergreen Forest,26,Dfb,Cold-no_dry_season-warm_summer,This location has very high elevation,This location has low southness,"This location has a climate with warm summers and cold winters, with significant precipitation throughout the year.","This location has forests dominated by trees that retain their leaves throughout the year, typically found in regions with a moderate to high amount of rainfall."
Lakefork 1,566,UT,UTAH,SNTL,SNOTEL,10128,40.59709,-110.43316,Duchesne,13,10/1/1978,1/1/2100,120.42578,4.62083,40.62187742,-110.4032416,0.038852625,Lakefork #1,-0.499576427,42,Evergreen Forest,26,Dfb,Cold-no_dry_season-warm_summer,This location has very high elevation,This location has low southness,"This location has a climate with warm summers and cold winters, with significant precipitation throughout the year.","This location has forests dominated by trees that retain their leaves throughout the year, typically found in regions with a moderate to high amount of rainfall."
Lakefork Basin,513,UT,UTAH,SNTL,SNOTEL,10885,40.73785,-110.62121,Duchesne,13,10/1/1982,1/1/2100,189.56593,1.81773,40.7355129,-110.6519172,0.030796028,Lakefork Basin,0.465244956,42,Evergreen Forest,26,Dfb,Cold-no_dry_season-warm_summer,This location has very high elevation,This location has very high southness,"This location has a climate with warm summers and cold winters, with significant precipitation throughout the year.","This location has forests dominated by trees that retain their leaves throughout the year, typically found in regions with a moderate to high amount of rainfall."
Lakeview Ridge,568,MT,MONTANA,SNTL,SNOTEL,7400,44.58907,-111.82498,Beaverhead,1,10/1/1960,1/1/2100,40.01521,6.11658,44.59911918,-111.8331264,0.012936379,Lakeview Ridge,0.112468667,42,Evergreen Forest,26,Dfb,Cold-no_dry_season-warm_summer,This location has moderate elevation,This location has high southness,"This location has a climate with warm summers and cold winters, with significant precipitation throughout the year.","This location has forests dominated by trees that retain their leaves throughout the year, typically found in regions with a moderate to high amount of rainfall."
Lamance Creek,569,NV,NEVADA,SNTL,SNOTEL,6395,41.51542,-117.63197,Humboldt,13,10/1/1980,1/1/2100,92.82626,5.21401,41.53096125,-117.6148345,0.02313345,Lamance Creek,-0.130400901,71,Grassland_Herbaceous,7,BSk,Arid-steppe-cold,This location has moderate elevation,This location has moderate southness,This location has a climate with low precipitation and cooler temperatures.,"This location has areas dominated by grasses and other herbaceous plants, often found in regions with moderate to low rainfall and no trees."
Lamoille 3,570,NV,NEVADA,SNTL,SNOTEL,8051,40.6448,-115.3812,Elko,7,10/1/1980,1/1/2100,240.14319,9.62116,40.62187742,-115.3767539,0.023349783,Lamoille #3,-0.036591471,41,Deciduous Forest,7,BSk,Arid-steppe-cold,This location has high elevation,This location has moderate southness,This location has a climate with low precipitation and cooler temperatures.,"This location has forests where trees lose their leaves seasonally, typically found in regions with distinct seasons including a warm growing season and a cold winter."
Laprele Creek,571,WY,WYOMING,SNTL,SNOTEL,8390,42.43566,-105.86051,Converse,9,10/1/1978,1/1/2100,116.37733,1.6617,42.44004508,-105.8649116,0.006213135,Laprele Creek,-0.986348334,42,Evergreen Forest,7,BSk,Arid-steppe-cold,This location has high elevation,This location has low southness,This location has a climate with low precipitation and cooler temperatures.,"This location has forests dominated by trees that retain their leaves throughout the year, typically found in regions with a moderate to high amount of rainfall."
Lasal Mountain,572,UT,UTAH,SNTL,SNOTEL,9578,38.48226,-109.27198,San Juan,37,8/8/1980,1/1/2100,359.12256,10.0117,38.46280331,-109.2842013,0.022976586,Lasal Mountain,-0.308020596,41,Deciduous Forest,7,BSk,Arid-steppe-cold,This location has very high elevation,This location has moderate southness,This location has a climate with low precipitation and cooler temperatures.,"This location has forests where trees lose their leaves seasonally, typically found in regions with distinct seasons including a warm growing season and a cold winter."
Laurel Draw,573,NV,NEVADA,SNTL,SNOTEL,6682,41.77637,-116.02957,Elko,7,10/1/1979,1/1/2100,14.71618,8.30498,41.75823221,-116.0606119,0.035952436,Laurel Draw,-0.492485102,71,Grassland_Herbaceous,7,BSk,Arid-steppe-cold,This location has moderate elevation,This location has low southness,This location has a climate with low precipitation and cooler temperatures.,"This location has areas dominated by grasses and other herbaceous plants, often found in regions with moderate to low rainfall and no trees."
Leavitt Lake,574,CA,CALIFORNIA,SNTL,SNOTEL,9604,38.27594,-119.61281,Mono,51,10/1/1989,1/1/2100,349.09164,16.41765,38.29235009,-119.6042394,0.018513406,Leavitt Lake,0.606349693,42,Evergreen Forest,18,Dsb,Cold-dry_summer-warm_summer,This location has very high elevation,This location has very high southness,"This location has a continental climate with warm summers and cold winters, characterized by significant seasonal temperature variation and relatively low precipitation.","This location has forests dominated by trees that retain their leaves throughout the year, typically found in regions with a moderate to high amount of rainfall."
Leavitt Meadows,575,CA,CALIFORNIA,SNTL,SNOTEL,7198,38.30367,-119.55111,Mono,51,10/1/1980,1/1/2100,341.06116,2.3631,38.29235009,-119.5420705,0.014486293,Leavitt Meadows,-0.138376143,52,Shrub_Scrub,18,Dsb,Cold-dry_summer-warm_summer,This location has moderate elevation,This location has moderate southness,"This location has a continental climate with warm summers and cold winters, characterized by significant seasonal temperature variation and relatively low precipitation.","This location has areas dominated by shrubs and small trees, often found in regions with dry or semi-arid climates, or as a transitional stage in forest succession."
Lemhi Ridge,576,MT,MONTANA,SNTL,SNOTEL,8100,44.9938,-113.44399,Beaverhead,1,1/1/1971,1/1/2100,133.49467,13.93339,44.99684336,-113.4495179,0.006310291,Lemhi Ridge,0.022539532,42,Evergreen Forest,7,BSk,Arid-steppe-cold,This location has high elevation,This location has high southness,This location has a climate with low precipitation and cooler temperatures.,"This location has forests dominated by trees that retain their leaves throughout the year, typically found in regions with a moderate to high amount of rainfall."
Lewis Lake Divide,577,WY,WYOMING,SNTL,SNOTEL,7850,44.20862,-110.66628,Teton,39,9/1/1963,1/1/2100,155.48248,0.85483,44.20139501,-110.6519172,0.016077624,Lewis Lake Divide,-0.019882495,52,Shrub_Scrub,18,Dsb,Cold-dry_summer-warm_summer,This location has moderate elevation,This location has moderate southness,"This location has a continental climate with warm summers and cold winters, characterized by significant seasonal temperature variation and relatively low precipitation.","This location has areas dominated by shrubs and small trees, often found in regions with dry or semi-arid climates, or as a transitional stage in forest succession."
Lick Creek,578,MT,MONTANA,SNTL,SNOTEL,6860,45.5041,-110.96625,Gallatin,31,10/1/1963,1/1/2100,331.61975,10.20513,45.50820302,-110.9627617,0.005385417,Lick Creek,-0.127146438,42,Evergreen Forest,26,Dfb,Cold-no_dry_season-warm_summer,This location has moderate elevation,This location has moderate southness,"This location has a climate with warm summers and cold winters, with significant precipitation throughout the year.","This location has forests dominated by trees that retain their leaves throughout the year, typically found in regions with a moderate to high amount of rainfall."
Lily Lake,579,UT,UTAH,SNTL,SNOTEL,9133,40.86493,-110.79813,Summit,43,6/12/1980,1/1/2100,336.27292,10.02622,40.84914837,-110.776255,0.026973582,Lily Lake,0.561591431,52,Shrub_Scrub,26,Dfb,Cold-no_dry_season-warm_summer,This location has very high elevation,This location has very high southness,"This location has a climate with warm summers and cold winters, with significant precipitation throughout the year.","This location has areas dominated by shrubs and small trees, often found in regions with dry or semi-arid climates, or as a transitional stage in forest succession."
Lily Pond,580,CO,COLORADO,SNTL,SNOTEL,11069,37.38028,-106.54823,Conejos,21,10/1/1979,1/1/2100,178.27301,12.29929,37.38326626,-106.5487695,0.003034613,Lily Pond,0.184294019,42,Evergreen Forest,18,Dsb,Cold-dry_summer-warm_summer,This location has very high elevation,This location has high southness,"This location has a continental climate with warm summers and cold winters, characterized by significant seasonal temperature variation and relatively low precipitation.","This location has forests dominated by trees that retain their leaves throughout the year, typically found in regions with a moderate to high amount of rainfall."
Little Bear,582,UT,UTAH,SNTL,SNOTEL,6548,41.40562,-111.82607,Cache,5,10/1/1978,1/1/2100,334.11459,16.5514,41.41732577,-111.8331264,0.013668131,Little Bear,-0.334960044,41,Deciduous Forest,17,Dsa,Cold-dry_summer-hot_summer,This location has moderate elevation,This location has moderate southness,"This location has a continental climate with hot summers and cold winters, featuring significant seasonal temperature variation and relatively low precipitation.","This location has forests where trees lose their leaves seasonally, typically found in regions with distinct seasons including a warm growing season and a cold winter."
Little Grassy,583,UT,UTAH,SNTL,SNOTEL,6065,37.48631,-113.84582,Washington,53,10/1/1985,1/1/2100,43.18226,10.01914,37.49690174,-113.8225313,0.02558412,Little Grassy,-0.390127118,52,Shrub_Scrub,4,BWh,Arid-desert-hot,This location has moderate elevation,This location has low southness,This location has a climate with very low precipitation and very high temperatures.,"This location has areas dominated by shrubs and small trees, often found in regions with dry or semi-arid climates, or as a transitional stage in forest succession."
Little Meadows,584,OR,OREGON,SNTL,SNOTEL,4020,44.61297,-122.22565,Linn,43,10/1/1978,1/1/2100,161.42892,10.63068,44.59911918,-122.2153334,0.017270717,Little Meadows,0.331791151,42,Evergreen Forest,9,Csb,Temperate-dry_summer-warm_summer,This location has low elevation,This location has high southness,"This location has a climate with warm, dry summers and mild, wet winters.","This location has forests dominated by trees that retain their leaves throughout the year, typically found in regions with a moderate to high amount of rainfall."
Little Warm,585,WY,WYOMING,SNTL,SNOTEL,9370,43.50278,-109.752,Fremont,13,10/1/1978,1/1/2100,47.98927,6.84714,43.51958213,-109.7815526,0.033995082,Little Warm,-0.346564632,42,Evergreen Forest,26,Dfb,Cold-no_dry_season-warm_summer,This location has very high elevation,This location has moderate southness,"This location has a climate with warm summers and cold winters, with significant precipitation throughout the year.","This location has forests dominated by trees that retain their leaves throughout the year, typically found in regions with a moderate to high amount of rainfall."
Lizard Head Pass,586,CO,COLORADO,SNTL,SNOTEL,10193,37.79895,-107.92475,Dolores,33,10/1/1979,1/1/2100,300.55075,10.48386,37.78099044,-107.9164854,0.019769897,Lizard Head Pass,-0.439762933,42,Evergreen Forest,26,Dfb,Cold-no_dry_season-warm_summer,This location has very high elevation,This location has low southness,"This location has a climate with warm summers and cold winters, with significant precipitation throughout the year.","This location has forests dominated by trees that retain their leaves throughout the year, typically found in regions with a moderate to high amount of rainfall."
Lobdell Lake,587,CA,CALIFORNIA,SNTL,SNOTEL,9249,38.43745,-119.36572,Mono,51,10/1/1978,1/1/2100,347.46182,5.18336,38.46280331,-119.3555638,0.027311884,Lobdell Lake,0.27679082,52,Shrub_Scrub,18,Dsb,Cold-dry_summer-warm_summer,This location has very high elevation,This location has high southness,"This location has a continental climate with warm summers and cold winters, characterized by significant seasonal temperature variation and relatively low precipitation.","This location has areas dominated by shrubs and small trees, often found in regions with dry or semi-arid climates, or as a transitional stage in forest succession."
Lolo Pass,588,ID,IDAHO,SNTL,SNOTEL,5240,46.63448,-114.58072,Idaho,49,10/1/1982,1/1/2100,51.23249,11.17072,46.64455781,-114.5685582,0.015794687,Lolo Pass,-0.559079279,42,Evergreen Forest,18,Dsb,Cold-dry_summer-warm_summer,This location has low elevation,This location has low southness,"This location has a continental climate with warm summers and cold winters, characterized by significant seasonal temperature variation and relatively low precipitation.","This location has forests dominated by trees that retain their leaves throughout the year, typically found in regions with a moderate to high amount of rainfall."
Lone Cone,589,CO,COLORADO,SNTL,SNOTEL,9755,37.89169,-108.19636,San Miguel,113,10/1/1979,1/1/2100,3.89004,5.4126,37.89462592,-108.22733,0.031108809,Lone Cone,0.560335686,43,Mixed Forest,18,Dsb,Cold-dry_summer-warm_summer,This location has very high elevation,This location has very high southness,"This location has a continental climate with warm summers and cold winters, characterized by significant seasonal temperature variation and relatively low precipitation.","This location has forests characterized by a combination of both evergreen and deciduous trees, often found in temperate regions with moderate climates."
Lone Pine,591,WA,WASHINGTON,SNTL,SNOTEL,3930,46.27143,-121.96288,Skamania,59,10/1/1978,1/1/2100,27.24719,5.40775,46.24683363,-121.9666578,0.024884792,Lone Pine,0.397167906,42,Evergreen Forest,9,Csb,Temperate-dry_summer-warm_summer,This location has low elevation,This location has very high southness,"This location has a climate with warm, dry summers and mild, wet winters.","This location has forests dominated by trees that retain their leaves throughout the year, typically found in regions with a moderate to high amount of rainfall."
Long Flat,592,UT,UTAH,SNTL,SNOTEL,7982,37.51255,-113.39661,Washington,53,9/9/1979,1/1/2100,274.73175,9.3144,37.49690174,-113.387349,0.018183347,Long Flat,-0.017289272,42,Evergreen Forest,7,BSk,Arid-steppe-cold,This location has high elevation,This location has moderate southness,This location has a climate with low precipitation and cooler temperatures.,"This location has forests dominated by trees that retain their leaves throughout the year, typically found in regions with a moderate to high amount of rainfall."
Long Valley Jct,593,UT,UTAH,SNTL,SNOTEL,7465,37.48756,-112.51458,Kane,25,6/11/1986,1/1/2100,199.75114,9.56003,37.49690174,-112.5169843,0.00964619,Long Valley Jct,-0.034665602,52,Shrub_Scrub,7,BSk,Arid-steppe-cold,This location has moderate elevation,This location has moderate southness,This location has a climate with low precipitation and cooler temperatures.,"This location has areas dominated by shrubs and small trees, often found in regions with dry or semi-arid climates, or as a transitional stage in forest succession."
Lookout,594,ID,IDAHO,SNTL,SNOTEL,5190,47.45749,-115.70457,Shoshone,79,10/1/1978,1/1/2100,2.96352,20.2383,47.44000616,-115.6875985,0.02436633,Lookout,-0.967922449,42,Evergreen Forest,8,Csa,Temperate-dry_summer-hot_summer,This location has low elevation,This location has low southness,"This location has a climate with hot, dry summers and mild, wet winters.","This location has forests dominated by trees that retain their leaves throughout the year, typically found in regions with a moderate to high amount of rainfall."
Lookout Mountain,595,NM,NEW MEXICO,SNTL,SNOTEL,8509,33.36089,-107.83203,Sierra,51,10/1/1978,1/1/2100,68.76967,14.49388,33.34920675,-107.8543165,0.025163224,Lookout Mountain,0.881717641,42,Evergreen Forest,7,BSk,Arid-steppe-cold,This location has high elevation,This location has very high southness,This location has a climate with low precipitation and cooler temperatures.,"This location has forests dominated by trees that retain their leaves throughout the year, typically found in regions with a moderate to high amount of rainfall."
Lookout Peak,596,UT,UTAH,SNTL,SNOTEL,8161,40.83731,-111.70965,Salt Lake,35,6/23/1988,1/1/2100,121.84042,3.72767,40.84914837,-111.7087886,0.011869673,Lookout Peak,0.429483754,41,Deciduous Forest,7,BSk,Arid-steppe-cold,This location has high elevation,This location has very high southness,This location has a climate with low precipitation and cooler temperatures.,"This location has forests where trees lose their leaves seasonally, typically found in regions with distinct seasons including a warm growing season and a cold winter."
Loomis Park,597,WY,WYOMING,SNTL,SNOTEL,8240,43.17387,-110.14007,Sublette,35,10/1/1979,1/1/2100,160.2627,3.90267,43.1786757,-110.154566,0.015271815,Loomis Park,0.689108835,42,Evergreen Forest,26,Dfb,Cold-no_dry_season-warm_summer,This location has high elevation,This location has very high southness,"This location has a climate with warm summers and cold winters, with significant precipitation throughout the year.","This location has forests dominated by trees that retain their leaves throughout the year, typically found in regions with a moderate to high amount of rainfall."
Lost Horse,599,WA,WASHINGTON,SNTL,SNOTEL,5120,46.3575,-121.08095,Yakima,77,10/1/1989,1/1/2100,196.74669,3.01712,46.36046911,-121.0962931,0.015627752,Lost Horse,-0.048020671,42,Evergreen Forest,9,Csb,Temperate-dry_summer-warm_summer,This location has low elevation,This location has moderate southness,"This location has a climate with warm, dry summers and mild, wet winters.","This location has forests dominated by trees that retain their leaves throughout the year, typically found in regions with a moderate to high amount of rainfall."
Lost Lake,600,ID,IDAHO,SNTL,SNOTEL,6110,47.0809,-115.9604,Shoshone,79,10/1/1979,1/1/2100,99.11903,25.12743,47.09909973,-115.9362741,0.030220698,Lost Lake,-0.000840201,42,Evergreen Forest,8,Csa,Temperate-dry_summer-hot_summer,This location has moderate elevation,This location has moderate southness,"This location has a climate with hot, dry summers and mild, wet winters.","This location has forests dominated by trees that retain their leaves throughout the year, typically found in regions with a moderate to high amount of rainfall."
Lost Wood Divide,601,ID,IDAHO,SNTL,SNOTEL,7900,43.82432,-114.26402,Blaine,13,10/1/1979,1/1/2100,100.03004,5.74598,43.80367083,-114.2577137,0.021590695,Lost-Wood Divide,-0.448864317,42,Evergreen Forest,18,Dsb,Cold-dry_summer-warm_summer,This location has high elevation,This location has low southness,"This location has a continental climate with warm summers and cold winters, characterized by significant seasonal temperature variation and relatively low precipitation.","This location has forests dominated by trees that retain their leaves throughout the year, typically found in regions with a moderate to high amount of rainfall."
Lower Twin,603,MT,MONTANA,SNTL,SNOTEL,7900,45.50871,-111.92288,Madison,57,10/1/1976,1/1/2100,65.25571,2.36273,45.50820302,-111.8952953,0.027589357,Lower Twin,-0.529168732,42,Evergreen Forest,7,BSk,Arid-steppe-cold,This location has high elevation,This location has low southness,This location has a climate with low precipitation and cooler temperatures.,"This location has forests dominated by trees that retain their leaves throughout the year, typically found in regions with a moderate to high amount of rainfall."
Lubrecht Flume,604,MT,MONTANA,SNTL,SNOTEL,4680,46.88293,-113.32228,Missoula,63,10/1/1970,1/1/2100,175.60068,21.04168,46.87182877,-113.3251801,0.011473793,Lubrecht Flume,0.769625061,42,Evergreen Forest,7,BSk,Arid-steppe-cold,This location has low elevation,This location has very high southness,This location has a climate with low precipitation and cooler temperatures.,"This location has forests dominated by trees that retain their leaves throughout the year, typically found in regions with a moderate to high amount of rainfall."
Lucky Strike,605,OR,OREGON,SNTL,SNOTEL,4970,45.27478,-118.8479,Umatilla,59,10/1/1978,1/1/2100,357.49258,11.55279,45.28093206,-118.8582126,0.012008196,Lucky Strike,-0.676183114,42,Evergreen Forest,8,Csa,Temperate-dry_summer-hot_summer,This location has low elevation,This location has low southness,"This location has a climate with hot, dry summers and mild, wet winters.","This location has forests dominated by trees that retain their leaves throughout the year, typically found in regions with a moderate to high amount of rainfall."
Lyman Lake,606,WA,WASHINGTON,SNTL,SNOTEL,5980,48.19798,-120.91678,Chelan,7,10/1/1978,1/1/2100,170.92665,14.7897,48.17863678,-120.9097864,0.020568684,Lyman Lake,0.227316761,42,Evergreen Forest,18,Dsb,Cold-dry_summer-warm_summer,This location has low elevation,This location has high southness,"This location has a continental climate with warm summers and cold winters, characterized by significant seasonal temperature variation and relatively low precipitation.","This location has forests dominated by trees that retain their leaves throughout the year, typically found in regions with a moderate to high amount of rainfall."
Lynx Pass,607,CO,COLORADO,SNTL,SNOTEL,8919,40.07832,-106.67095,Routt,107,10/1/1979,1/1/2100,57.65246,6.73931,40.05370002,-106.6731074,0.024714319,Lynx Pass,0.198306445,42,Evergreen Forest,26,Dfb,Cold-no_dry_season-warm_summer,This location has high elevation,This location has high southness,"This location has a climate with warm summers and cold winters, with significant precipitation throughout the year.","This location has forests dominated by trees that retain their leaves throughout the year, typically found in regions with a moderate to high amount of rainfall."
Madison Butte,608,OR,OREGON,SNTL,SNOTEL,5150,45.10513,-119.49585,Morrow,49,10/1/1979,1/1/2100,182.82751,15.09637,45.11047884,-119.4799016,0.016821459,Madison Butte,0.468923888,42,Evergreen Forest,7,BSk,Arid-steppe-cold,This location has low elevation,This location has very high southness,This location has a climate with low precipitation and cooler temperatures.,"This location has forests dominated by trees that retain their leaves throughout the year, typically found in regions with a moderate to high amount of rainfall."
Madison Plateau,609,MT,MONTANA,SNTL,SNOTEL,7750,44.58623,-111.11627,Gallatin,31,10/1/1967,1/1/2100,355.94058,4.04064,44.59911918,-111.0870995,0.031891164,Madison Plateau,0.461261601,42,Evergreen Forest,26,Dfb,Cold-no_dry_season-warm_summer,This location has moderate elevation,This location has very high southness,"This location has a climate with warm summers and cold winters, with significant precipitation throughout the year.","This location has forests dominated by trees that retain their leaves throughout the year, typically found in regions with a moderate to high amount of rainfall."
Magic Mountain,610,ID,IDAHO,SNTL,SNOTEL,6880,42.18072,-114.28662,Twin Falls,83,10/1/1979,1/1/2100,348.40097,10.16334,42.15595638,-114.2577137,0.03806328,Magic Mountain,0.639930094,52,Shrub_Scrub,7,BSk,Arid-steppe-cold,This location has moderate elevation,This location has very high southness,This location has a climate with low precipitation and cooler temperatures.,"This location has areas dominated by shrubs and small trees, often found in regions with dry or semi-arid climates, or as a transitional stage in forest succession."
Mammoth Cottonwood,612,UT,UTAH,SNTL,SNOTEL,8709,39.68338,-111.31818,Sanpete,39,10/1/1978,1/1/2100,254.79587,7.023,39.65597584,-111.3357752,0.03256651,Mammoth-Cottonwood,-0.638457151,52,Shrub_Scrub,7,BSk,Arid-steppe-cold,This location has high elevation,This location has low southness,This location has a climate with low precipitation and cooler temperatures.,"This location has areas dominated by shrubs and small trees, often found in regions with dry or semi-arid climates, or as a transitional stage in forest succession."
Many Glacier,613,MT,MONTANA,SNTL,SNOTEL,4900,48.79698,-113.6705,Glacier,35,10/1/1976,1/1/2100,166.51013,5.01831,48.80363191,-113.6981935,0.028481204,Many Glacier,0.953554376,42,Evergreen Forest,26,Dfb,Cold-no_dry_season-warm_summer,This location has low elevation,This location has very high southness,"This location has a climate with warm summers and cold winters, with significant precipitation throughout the year.","This location has forests dominated by trees that retain their leaves throughout the year, typically found in regions with a moderate to high amount of rainfall."
Marion Forks,614,OR,OREGON,SNTL,SNOTEL,2590,44.59397,-121.97365,Linn,43,10/1/1979,1/1/2100,344.17181,7.1973,44.59911918,-121.9666578,0.00868363,Marion Forks,0.131977461,42,Evergreen Forest,9,Csb,Temperate-dry_summer-warm_summer,This location has low elevation,This location has high southness,"This location has a climate with warm, dry summers and mild, wet winters.","This location has forests dominated by trees that retain their leaves throughout the year, typically found in regions with a moderate to high amount of rainfall."
Marlette Lake,615,NV,NEVADA,SNTL,SNOTEL,7884,39.16395,-119.89672,Carson City,510,10/1/1978,1/1/2100,269.52191,12.75141,39.14461619,-119.9150839,0.026665151,Marlette Lake,0.145902595,42,Evergreen Forest,8,Csa,Temperate-dry_summer-hot_summer,This location has high elevation,This location has high southness,"This location has a climate with hot, dry summers and mild, wet winters.","This location has forests dominated by trees that retain their leaves throughout the year, typically found in regions with a moderate to high amount of rainfall."
Marquette,616,WY,WYOMING,SNTL,SNOTEL,8760,44.3016,-109.24019,Park,29,10/1/1979,1/1/2100,327.18567,20.7426,44.31503049,-109.2220324,0.022584852,Marquette,0.84991472,42,Evergreen Forest,7,BSk,Arid-steppe-cold,This location has high elevation,This location has very high southness,This location has a climate with low precipitation and cooler temperatures.,"This location has forests dominated by trees that retain their leaves throughout the year, typically found in regions with a moderate to high amount of rainfall."
Maverick Fork,617,AZ,ARIZONA,SNTL,SNOTEL,9220,33.92123,-109.45872,Apache,1,10/1/1953,1/1/2100,78.92142,14.5846,33.91738415,-109.470708,0.012589825,Maverick Fork,-0.836710155,42,Evergreen Forest,7,BSk,Arid-steppe-cold,This location has very high elevation,This location has low southness,This location has a climate with low precipitation and cooler temperatures.,"This location has forests dominated by trees that retain their leaves throughout the year, typically found in regions with a moderate to high amount of rainfall."
Mc Clure Pass,618,CO,COLORADO,SNTL,SNOTEL,8774,39.12899,-107.28834,Gunnison,51,10/1/1979,1/1/2100,201.97232,10.86898,39.14461619,-107.2947964,0.016907478,Mc Clure Pass,-0.608528712,41,Deciduous Forest,26,Dfb,Cold-no_dry_season-warm_summer,This location has high elevation,This location has low southness,"This location has a climate with warm summers and cold winters, with significant precipitation throughout the year.","This location has forests where trees lose their leaves seasonally, typically found in regions with distinct seasons including a warm growing season and a cold winter."
Mckenzie,619,OR,OREGON,SNTL,SNOTEL,4770,44.2103,-121.87292,Lane,39,10/1/1979,1/1/2100,303.41684,1.8219,44.20139501,-121.84232,0.031869443,Mckenzie,-0.242599228,42,Evergreen Forest,9,Csb,Temperate-dry_summer-warm_summer,This location has low elevation,This location has moderate southness,"This location has a climate with warm, dry summers and mild, wet winters.","This location has forests dominated by trees that retain their leaves throughout the year, typically found in regions with a moderate to high amount of rainfall."
Meadow Lake,620,ID,IDAHO,SNTL,SNOTEL,9150,44.43655,-113.31815,Lemhi,59,10/1/1979,1/1/2100,89.77628,10.74788,44.42866597,-113.3251801,0.010563155,Meadow Lake,0.231285436,42,Evergreen Forest,7,BSk,Arid-steppe-cold,This location has very high elevation,This location has high southness,This location has a climate with low precipitation and cooler temperatures.,"This location has forests dominated by trees that retain their leaves throughout the year, typically found in regions with a moderate to high amount of rainfall."
Merchant Valley,621,UT,UTAH,SNTL,SNOTEL,8705,38.30285,-112.43637,Beaver,1,7/23/1980,1/1/2100,158.44365,9.05426,38.29235009,-112.4548154,0.021224566,Merchant Valley,0.074341891,43,Mixed Forest,7,BSk,Arid-steppe-cold,This location has high elevation,This location has high southness,This location has a climate with low precipitation and cooler temperatures.,"This location has forests characterized by a combination of both evergreen and deciduous trees, often found in temperate regions with moderate climates."
Mesa Lakes,622,CO,COLORADO,SNTL,SNOTEL,10168,39.05738,-108.05756,Mesa,77,10/1/1985,1/1/2100,89.63078,2.27313,39.03098071,-108.0408232,0.031257663,Mesa Lakes,-0.072703836,90,Woody Wetlands,7,BSk,Arid-steppe-cold,This location has very high elevation,This location has moderate southness,This location has a climate with low precipitation and cooler temperatures.,"This location has wetlands with a predominance of woody plants, including shrubs and small trees, often found in areas with periodic flooding or high water tables."
Mica Creek,623,ID,IDAHO,SNTL,SNOTEL,4510,47.15045,-116.26643,Shoshone,79,10/1/1989,1/1/2100,49.44114,9.24057,47.15591746,-116.2471186,0.02007047,Mica Creek,0.124378332,42,Evergreen Forest,8,Csa,Temperate-dry_summer-hot_summer,This location has low elevation,This location has high southness,"This location has a climate with hot, dry summers and mild, wet winters.","This location has forests dominated by trees that retain their leaves throughout the year, typically found in regions with a moderate to high amount of rainfall."
Middle Creek,624,CO,COLORADO,SNTL,SNOTEL,11269,37.61779,-107.03932,Mineral,79,10/1/1979,1/1/2100,9.70734,6.95174,37.61053722,-107.0461208,0.009942506,Middle Creek,-0.595271761,71,Grassland_Herbaceous,26,Dfb,Cold-no_dry_season-warm_summer,This location has very high elevation,This location has low southness,"This location has a climate with warm summers and cold winters, with significant precipitation throughout the year.","This location has areas dominated by grasses and other herbaceous plants, often found in regions with moderate to low rainfall and no trees."
Middle Powder,625,WY,WYOMING,SNTL,SNOTEL,7760,43.62728,-107.18138,Washakie,43,10/1/1978,1/1/2100,1.82901,17.91476,43.63321761,-107.1704586,0.012431109,Middle Powder,0.205426526,42,Evergreen Forest,7,BSk,Arid-steppe-cold,This location has moderate elevation,This location has high southness,This location has a climate with low precipitation and cooler temperatures.,"This location has forests dominated by trees that retain their leaves throughout the year, typically found in regions with a moderate to high amount of rainfall."
Midway Valley,626,UT,UTAH,SNTL,SNOTEL,9827,37.56933,-112.83849,Iron,21,7/22/1980,1/1/2100,13.46004,16.59229,37.55371948,-112.8278289,0.018903655,Midway Valley,-0.484634147,42,Evergreen Forest,7,BSk,Arid-steppe-cold,This location has very high elevation,This location has low southness,This location has a climate with low precipitation and cooler temperatures.,"This location has forests dominated by trees that retain their leaves throughout the year, typically found in regions with a moderate to high amount of rainfall."
Mill D North,628,UT,UTAH,SNTL,SNOTEL,8963,40.65883,-111.63683,Salt Lake,35,10/1/1988,1/1/2100,168.87685,18.76822,40.67869516,-111.6466197,0.022146385,Mill-D North,-0.058375432,41,Deciduous Forest,7,BSk,Arid-steppe-cold,This location has high elevation,This location has moderate southness,This location has a climate with low precipitation and cooler temperatures.,"This location has forests where trees lose their leaves seasonally, typically found in regions with distinct seasons including a warm growing season and a cold winter."
Mineral Creek,629,CO,COLORADO,SNTL,SNOTEL,10046,37.84737,-107.72657,San Juan,111,10/1/1978,1/1/2100,304.40952,14.49477,37.83780818,-107.7299787,0.010151248,Mineral Creek,-0.887710685,42,Evergreen Forest,26,Dfb,Cold-no_dry_season-warm_summer,This location has very high elevation,This location has low southness,"This location has a climate with warm summers and cold winters, with significant precipitation throughout the year.","This location has forests dominated by trees that retain their leaves throughout the year, typically found in regions with a moderate to high amount of rainfall."
Mining Fork,631,UT,UTAH,SNTL,SNOTEL,8295,40.49384,-112.61141,Tooele,45,9/22/1988,1/1/2100,12.37966,34.85762,40.50824194,-112.6413222,0.033198683,Mining Fork,-0.290478743,41,Deciduous Forest,7,BSk,Arid-steppe-cold,This location has high elevation,This location has moderate southness,This location has a climate with low precipitation and cooler temperatures.,"This location has forests where trees lose their leaves seasonally, typically found in regions with distinct seasons including a warm growing season and a cold winter."
Molas Lake,632,CO,COLORADO,SNTL,SNOTEL,10631,37.74929,-107.68933,San Juan,111,10/1/1985,1/1/2100,260.57056,6.37898,37.7241727,-107.6678098,0.033075623,Molas Lake,-0.094074884,90,Woody Wetlands,26,Dfb,Cold-no_dry_season-warm_summer,This location has very high elevation,This location has moderate southness,"This location has a climate with warm summers and cold winters, with significant precipitation throughout the year.","This location has wetlands with a predominance of woody plants, including shrubs and small trees, often found in areas with periodic flooding or high water tables."
Monitor Pass,633,CA,CALIFORNIA,SNTL,SNOTEL,8306,38.6683,-119.6087,Alpine,3,10/1/1990,1/1/2100,347.64304,8.98454,38.69007427,-119.6042394,0.022226465,Monitor Pass,-0.20320599,52,Shrub_Scrub,8,Csa,Temperate-dry_summer-hot_summer,This location has high elevation,This location has moderate southness,"This location has a climate with hot, dry summers and mild, wet winters.","This location has areas dominated by shrubs and small trees, often found in regions with dry or semi-arid climates, or as a transitional stage in forest succession."
Monte Cristo,634,UT,UTAH,SNTL,SNOTEL,8932,41.46547,-111.49688,Cache,5,10/1/1978,1/1/2100,108.43304,3.74435,41.47414351,-111.5222819,0.026841854,Monte Cristo,0.027254441,43,Mixed Forest,7,BSk,Arid-steppe-cold,This location has high elevation,This location has high southness,This location has a climate with low precipitation and cooler temperatures.,"This location has forests characterized by a combination of both evergreen and deciduous trees, often found in temperate regions with moderate climates."
Monument Peak,635,MT,MONTANA,SNTL,SNOTEL,8850,45.21759,-110.237,Park,67,10/1/1976,1/1/2100,339.19702,23.52058,45.22411432,-110.2167349,0.021289467,Monument Peak,-0.994640615,42,Evergreen Forest,26,Dfb,Cold-no_dry_season-warm_summer,This location has high elevation,This location has low southness,"This location has a climate with warm summers and cold winters, with significant precipitation throughout the year.","This location has forests dominated by trees that retain their leaves throughout the year, typically found in regions with a moderate to high amount of rainfall."
Moonshine,636,ID,IDAHO,SNTL,SNOTEL,7440,44.4147,-113.39812,Lemhi,59,10/1/1979,1/1/2100,150.81879,10.57107,44.42866597,-113.387349,0.017636968,Moonshine,-0.91101558,42,Evergreen Forest,7,BSk,Arid-steppe-cold,This location has moderate elevation,This location has low southness,This location has a climate with low precipitation and cooler temperatures.,"This location has forests dominated by trees that retain their leaves throughout the year, typically found in regions with a moderate to high amount of rainfall."
Moose Creek,638,ID,IDAHO,SNTL,SNOTEL,6200,45.67008,-113.95315,Lemhi,59,10/1/1979,1/1/2100,215.69824,19.29205,45.67865624,-113.9468691,0.010630196,Moose Creek,-0.204965426,42,Evergreen Forest,26,Dfb,Cold-no_dry_season-warm_summer,This location has moderate elevation,This location has moderate southness,"This location has a climate with warm summers and cold winters, with significant precipitation throughout the year.","This location has forests dominated by trees that retain their leaves throughout the year, typically found in regions with a moderate to high amount of rainfall."
Mores Creek Summit,637,ID,IDAHO,SNTL,SNOTEL,6100,43.932,-115.66588,Boise,15,9/30/1978,1/1/2100,345.38458,14.8813,43.91730631,-115.6875985,0.026222046,Mores Creek Summit,0.722351195,52,Shrub_Scrub,8,Csa,Temperate-dry_summer-hot_summer,This location has moderate elevation,This location has very high southness,"This location has a climate with hot, dry summers and mild, wet winters.","This location has areas dominated by shrubs and small trees, often found in regions with dry or semi-arid climates, or as a transitional stage in forest succession."
Morgan Creek,639,ID,IDAHO,SNTL,SNOTEL,7600,44.84237,-114.26871,Lemhi,59,10/1/1979,1/1/2100,181.73326,10.15067,44.82639014,-114.2577137,0.019397819,Morgan Creek,-0.589061158,71,Grassland_Herbaceous,7,BSk,Arid-steppe-cold,This location has moderate elevation,This location has low southness,This location has a climate with low precipitation and cooler temperatures.,"This location has areas dominated by grasses and other herbaceous plants, often found in regions with moderate to low rainfall and no trees."
Mormon Mountain,640,AZ,ARIZONA,SNTL,SNOTEL,7500,34.94141,-111.51864,Coconino,5,1/1/1963,1/1/2100,166.32106,2.69454,34.94010346,-111.5222819,0.003869148,Mormon Mountain,-0.425063477,42,Evergreen Forest,6,BSh,Arid-steppe-hot,This location has moderate elevation,This location has low southness,This location has a climate with low precipitation and high temperatures.,"This location has forests dominated by trees that retain their leaves throughout the year, typically found in regions with a moderate to high amount of rainfall."
Morse Lake,642,WA,WASHINGTON,SNTL,SNOTEL,5410,46.90585,-121.4827,Yakima,77,10/1/1978,1/1/2100,163.50813,28.29091,46.92864651,-121.4693065,0.026439849,Morse Lake,-0.016400667,42,Evergreen Forest,18,Dsb,Cold-dry_summer-warm_summer,This location has low elevation,This location has moderate southness,"This location has a continental climate with warm summers and cold winters, characterized by significant seasonal temperature variation and relatively low precipitation.","This location has forests dominated by trees that retain their leaves throughout the year, typically found in regions with a moderate to high amount of rainfall."
Mosby Mtn,643,UT,UTAH,SNTL,SNOTEL,9553,40.60798,-109.8881,Uintah,47,10/1/1978,1/1/2100,39.6827,8.55656,40.62187742,-109.9058904,0.022575107,Mosby Mtn,-0.306163005,42,Evergreen Forest,7,BSk,Arid-steppe-cold,This location has very high elevation,This location has moderate southness,This location has a climate with low precipitation and cooler temperatures.,"This location has forests dominated by trees that retain their leaves throughout the year, typically found in regions with a moderate to high amount of rainfall."
Moss Peak,646,MT,MONTANA,SNTL,SNOTEL,6780,47.68493,-113.9623,Lake,47,4/1/1961,1/1/2100,10.42339,10.07645,47.66727712,-113.9468691,0.023446443,Moss Peak,0.328410393,42,Evergreen Forest,26,Dfb,Cold-no_dry_season-warm_summer,This location has moderate elevation,This location has high southness,"This location has a climate with warm summers and cold winters, with significant precipitation throughout the year.","This location has forests dominated by trees that retain their leaves throughout the year, typically found in regions with a moderate to high amount of rainfall."
Moss Springs,647,OR,OREGON,SNTL,SNOTEL,5760,45.27173,-117.68747,Union,61,10/1/1979,1/1/2100,267.54074,3.08976,45.28093206,-117.6770034,0.013936569,Moss Springs,-0.045333168,42,Evergreen Forest,8,Csa,Temperate-dry_summer-hot_summer,This location has low elevation,This location has moderate southness,"This location has a climate with hot, dry summers and mild, wet winters.","This location has forests dominated by trees that retain their leaves throughout the year, typically found in regions with a moderate to high amount of rainfall."
Mount Crag,648,WA,WASHINGTON,SNTL,SNOTEL,3960,47.7637,-123.026,Jefferson,31,10/1/1989,1/1/2100,315.41257,16.99996,47.7809126,-123.0235291,0.017389041,Mount Crag,-0.300130048,42,Evergreen Forest,9,Csb,Temperate-dry_summer-warm_summer,This location has low elevation,This location has moderate southness,"This location has a climate with warm, dry summers and mild, wet winters.","This location has forests dominated by trees that retain their leaves throughout the year, typically found in regions with a moderate to high amount of rainfall."
Mount Lockhart,649,MT,MONTANA,SNTL,SNOTEL,6400,47.91727,-112.8238,Teton,99,10/1/1968,1/1/2100,140.13586,12.65061,47.89454808,-112.8278289,0.023076339,Mount Lockhart,-0.027661529,42,Evergreen Forest,26,Dfb,Cold-no_dry_season-warm_summer,This location has moderate elevation,This location has moderate southness,"This location has a climate with warm summers and cold winters, with significant precipitation throughout the year.","This location has forests dominated by trees that retain their leaves throughout the year, typically found in regions with a moderate to high amount of rainfall."
Mountain Meadows,650,ID,IDAHO,SNTL,SNOTEL,6320,45.69694,-115.22972,Idaho,49,10/1/1979,1/1/2100,128.19371,8.79194,45.67865624,-115.2524161,0.02914464,Mountain Meadows,-0.484230043,42,Evergreen Forest,18,Dsb,Cold-dry_summer-warm_summer,This location has moderate elevation,This location has low southness,"This location has a continental climate with warm summers and cold winters, characterized by significant seasonal temperature variation and relatively low precipitation.","This location has forests dominated by trees that retain their leaves throughout the year, typically found in regions with a moderate to high amount of rainfall."
Mt Hood Test Site,651,OR,OREGON,SNTL,SNOTEL,5370,45.32097,-121.7158,Clackamas,5,10/1/1979,1/1/2100,132.34247,5.71019,45.3377498,-121.7179822,0.016921094,Mt Hood Test Site,-0.500283074,21,Developed_Open Space,9,Csb,Temperate-dry_summer-warm_summer,This location has low elevation,This location has low southness,"This location has a climate with warm, dry summers and mild, wet winters.","This location has urban areas with open spaces and low-density development, such as parks, golf courses, and other recreational areas."
Mt Howard,653,OR,OREGON,SNTL,SNOTEL,7910,45.26522,-117.17373,Wallowa,63,10/1/1979,1/1/2100,137.39417,5.1132,45.28093206,-117.1796522,0.016791089,Mt Howard,-0.617364248,42,Evergreen Forest,18,Dsb,Cold-dry_summer-warm_summer,This location has high elevation,This location has low southness,"This location has a continental climate with warm summers and cold winters, characterized by significant seasonal temperature variation and relatively low precipitation.","This location has forests dominated by trees that retain their leaves throughout the year, typically found in regions with a moderate to high amount of rainfall."
Mt Rose Ski Area,652,NV,NEVADA,SNTL,SNOTEL,8801,39.31573,-119.89473,Washoe,31,10/1/1980,1/1/2100,350.30005,16.5451,39.31506941,-119.9150839,0.020364649,Mt Rose Ski Area,-0.00926094,42,Evergreen Forest,8,Csa,Temperate-dry_summer-hot_summer,This location has high elevation,This location has moderate southness,"This location has a climate with hot, dry summers and mild, wet winters.","This location has forests dominated by trees that retain their leaves throughout the year, typically found in regions with a moderate to high amount of rainfall."
Mud Flat,654,ID,IDAHO,SNTL,SNOTEL,5730,42.6004,-116.55925,Owyhee,73,10/1/1979,1/1/2100,42.49745,8.53516,42.6104983,-116.5579631,0.010179969,Mud Flat,0.06668583,52,Shrub_Scrub,7,BSk,Arid-steppe-cold,This location has low elevation,This location has high southness,This location has a climate with low precipitation and cooler temperatures.,"This location has areas dominated by shrubs and small trees, often found in regions with dry or semi-arid climates, or as a transitional stage in forest succession."
Mud Ridge,655,OR,OREGON,SNTL,SNOTEL,4070,45.25362,-121.73673,Clackamas,5,10/1/1978,1/1/2100,45.78577,5.31262,45.28093206,-121.7179822,0.033127488,Mud Ridge,0.190278068,42,Evergreen Forest,9,Csb,Temperate-dry_summer-warm_summer,This location has low elevation,This location has high southness,"This location has a climate with warm, dry summers and mild, wet winters.","This location has forests dominated by trees that retain their leaves throughout the year, typically found in regions with a moderate to high amount of rainfall."
Mule Creek,656,MT,MONTANA,SNTL,SNOTEL,8300,45.40957,-112.95927,Beaverhead,1,10/1/1977,1/1/2100,81.7762,6.16246,45.39456754,-112.9521667,0.01659913,Mule Creek,-0.11989161,42,Evergreen Forest,7,BSk,Arid-steppe-cold,This location has high elevation,This location has moderate southness,This location has a climate with low precipitation and cooler temperatures.,"This location has forests dominated by trees that retain their leaves throughout the year, typically found in regions with a moderate to high amount of rainfall."
N Fk Elk Creek,657,MT,MONTANA,SNTL,SNOTEL,6250,46.8716,-113.27725,Powell,77,10/1/1967,1/1/2100,183.63396,11.3886,46.87182877,-113.2630112,0.014240646,N Fk Elk Creek,-0.137322746,42,Evergreen Forest,7,BSk,Arid-steppe-cold,This location has moderate elevation,This location has moderate southness,This location has a climate with low precipitation and cooler temperatures.,"This location has forests dominated by trees that retain their leaves throughout the year, typically found in regions with a moderate to high amount of rainfall."
Nast Lake,658,CO,COLORADO,SNTL,SNOTEL,8731,39.29695,-106.60786,Pitkin,97,10/1/1985,1/1/2100,252.664,1.27617,39.31506941,-106.6109385,0.018379058,Nast Lake,0.222073407,42,Evergreen Forest,26,Dfb,Cold-no_dry_season-warm_summer,This location has high elevation,This location has high southness,"This location has a climate with warm summers and cold winters, with significant precipitation throughout the year.","This location has forests dominated by trees that retain their leaves throughout the year, typically found in regions with a moderate to high amount of rainfall."
New Crescent Lake,660,OR,OREGON,SNTL,SNOTEL,4910,43.51185,-121.97982,Klamath,35,10/1/1979,1/1/2100,119.22533,4.16179,43.51958213,-121.9666578,0.015265329,New Crescent Lake,-0.841969458,42,Evergreen Forest,9,Csb,Temperate-dry_summer-warm_summer,This location has low elevation,This location has low southness,"This location has a climate with warm, dry summers and mild, wet winters.","This location has forests dominated by trees that retain their leaves throughout the year, typically found in regions with a moderate to high amount of rainfall."
New Fork Lake,661,WY,WYOMING,SNTL,SNOTEL,8340,43.11265,-109.94947,Sublette,35,10/1/1984,1/1/2100,100.35726,3.34828,43.12185796,-109.9680593,0.02074482,New Fork Lake,-0.202130586,42,Evergreen Forest,26,Dfb,Cold-no_dry_season-warm_summer,This location has high elevation,This location has moderate southness,"This location has a climate with warm summers and cold winters, with significant precipitation throughout the year.","This location has forests dominated by trees that retain their leaves throughout the year, typically found in regions with a moderate to high amount of rainfall."
Nez Perce Camp,662,MT,MONTANA,SNTL,SNOTEL,5650,45.73107,-114.48075,Ravalli,81,10/1/1967,1/1/2100,127.85106,6.00837,45.73547398,-114.5063893,0.026014753,Nez Perce Camp,0.156913793,42,Evergreen Forest,26,Dfb,Cold-no_dry_season-warm_summer,This location has low elevation,This location has high southness,"This location has a climate with warm summers and cold winters, with significant precipitation throughout the year.","This location has forests dominated by trees that retain their leaves throughout the year, typically found in regions with a moderate to high amount of rainfall."
Niwot,663,CO,COLORADO,SNTL,SNOTEL,9979,40.03581,-105.5452,Boulder,13,10/1/1979,1/1/2100,110.2384,7.64993,40.05370002,-105.5540671,0.019966923,Niwot,-0.9403946,42,Evergreen Forest,26,Dfb,Cold-no_dry_season-warm_summer,This location has very high elevation,This location has low southness,"This location has a climate with warm summers and cold winters, with significant precipitation throughout the year.","This location has forests dominated by trees that retain their leaves throughout the year, typically found in regions with a moderate to high amount of rainfall."
Noisy Basin,664,MT,MONTANA,SNTL,SNOTEL,6040,48.15678,-113.94637,Flathead,29,4/1/1961,1/1/2100,5.98396,28.64606,48.17863678,-113.9468691,0.021862475,Noisy Basin,-0.347084383,42,Evergreen Forest,26,Dfb,Cold-no_dry_season-warm_summer,This location has low elevation,This location has moderate southness,"This location has a climate with warm summers and cold winters, with significant precipitation throughout the year.","This location has forests dominated by trees that retain their leaves throughout the year, typically found in regions with a moderate to high amount of rainfall."
North Costilla,665,NM,NEW MEXICO,SNTL,SNOTEL,10598,36.99396,-105.25988,Taos,55,10/1/1978,1/1/2100,202.20067,4.65789,36.98554209,-105.2432226,0.018663642,North Costilla,-0.418117193,43,Mixed Forest,26,Dfb,Cold-no_dry_season-warm_summer,This location has very high elevation,This location has low southness,"This location has a climate with warm summers and cold winters, with significant precipitation throughout the year.","This location has forests characterized by a combination of both evergreen and deciduous trees, often found in temperate regions with moderate climates."
North Fork,666,OR,OREGON,SNTL,SNOTEL,3060,45.5505,-122.00283,Multnomah,51,10/1/1978,1/1/2100,25.94527,8.60557,45.56502076,-122.0288267,0.029777161,North Fork,0.502411424,42,Evergreen Forest,8,Csa,Temperate-dry_summer-hot_summer,This location has low elevation,This location has very high southness,"This location has a climate with hot, dry summers and mild, wet winters.","This location has forests dominated by trees that retain their leaves throughout the year, typically found in regions with a moderate to high amount of rainfall."
North Fork Jocko,667,MT,MONTANA,SNTL,SNOTEL,6330,47.2726,-113.75617,Missoula,63,4/1/1961,1/1/2100,109.80137,7.2045,47.26955294,-113.7603624,0.005182758,North Fork Jocko,-0.786926763,42,Evergreen Forest,18,Dsb,Cold-dry_summer-warm_summer,This location has moderate elevation,This location has low southness,"This location has a continental climate with warm summers and cold winters, characterized by significant seasonal temperature variation and relatively low precipitation.","This location has forests dominated by trees that retain their leaves throughout the year, typically found in regions with a moderate to high amount of rainfall."
North French Creek,668,WY,WYOMING,SNTL,SNOTEL,10153,41.33087,-106.37558,Carbon,7,9/1/1962,1/1/2100,224.67383,15.95719,41.30369029,-106.3622628,0.03026687,North French Creek,-0.012316575,42,Evergreen Forest,26,Dfb,Cold-no_dry_season-warm_summer,This location has very high elevation,This location has moderate southness,"This location has a climate with warm summers and cold winters, with significant precipitation throughout the year.","This location has forests dominated by trees that retain their leaves throughout the year, typically found in regions with a moderate to high amount of rainfall."
North Lost Trail,669,CO,COLORADO,SNTL,SNOTEL,9219,39.07818,-107.14388,Gunnison,51,10/1/1984,1/1/2100,227.80219,19.27467,39.08779845,-107.1704586,0.028265455,North Lost Trail,-0.01514191,43,Mixed Forest,26,Dfb,Cold-no_dry_season-warm_summer,This location has very high elevation,This location has moderate southness,"This location has a climate with warm summers and cold winters, with significant precipitation throughout the year.","This location has forests characterized by a combination of both evergreen and deciduous trees, often found in temperate regions with moderate climates."
Northeast Entrance,670,MT,MONTANA,SNTL,SNOTEL,7350,45.00565,-110.01406,Yellowstone National Park,113,10/1/1937,1/1/2100,206.08904,11.60949,44.99684336,-110.0302282,0.018411053,Northeast Entrance,-0.253026841,42,Evergreen Forest,26,Dfb,Cold-no_dry_season-warm_summer,This location has moderate elevation,This location has moderate southness,"This location has a climate with warm summers and cold winters, with significant precipitation throughout the year.","This location has forests dominated by trees that retain their leaves throughout the year, typically found in regions with a moderate to high amount of rainfall."
Ochoco Meadows,671,OR,OREGON,SNTL,SNOTEL,5430,44.42917,-120.3311,Crook,13,10/1/1979,1/1/2100,209.15134,1.12169,44.42866597,-120.3502663,0.019172887,Ochoco Meadows,-0.210128629,95,Emergent Herbaceous Wetlands,7,BSk,Arid-steppe-cold,This location has low elevation,This location has moderate southness,This location has a climate with low precipitation and cooler temperatures.,"This location has wetlands characterized by the presence of herbaceous plants that emerge above the water surface, typically found in shallow water bodies."
Olallie Meadows,672,WA,WASHINGTON,SNTL,SNOTEL,4030,47.37406,-121.44213,King,33,10/1/1979,1/1/2100,344.73218,13.20419,47.38318842,-121.4693065,0.028668661,Olallie Meadows,0.39610012,42,Evergreen Forest,9,Csb,Temperate-dry_summer-warm_summer,This location has low elevation,This location has very high southness,"This location has a climate with warm, dry summers and mild, wet winters.","This location has forests dominated by trees that retain their leaves throughout the year, typically found in regions with a moderate to high amount of rainfall."
Overland Res,675,CO,COLORADO,SNTL,SNOTEL,9893,39.09035,-107.63583,Delta,29,10/1/1988,1/1/2100,303.01758,4.26368,39.08779845,-107.6056409,0.030296718,Overland Res,-0.131179319,42,Evergreen Forest,26,Dfb,Cold-no_dry_season-warm_summer,This location has very high elevation,This location has moderate southness,"This location has a climate with warm summers and cold winters, with significant precipitation throughout the year.","This location has forests dominated by trees that retain their leaves throughout the year, typically found in regions with a moderate to high amount of rainfall."
Owl Creek,676,WY,WYOMING,SNTL,SNOTEL,8975,43.65868,-109.00988,Hot Springs,17,10/1/1979,1/1/2100,5.90477,17.89786,43.63321761,-109.0355257,0.036139116,Owl Creek,-0.756782995,42,Evergreen Forest,26,Dfb,Cold-no_dry_season-warm_summer,This location has high elevation,This location has low southness,"This location has a climate with warm summers and cold winters, with significant precipitation throughout the year.","This location has forests dominated by trees that retain their leaves throughout the year, typically found in regions with a moderate to high amount of rainfall."
Paradise,679,WA,WASHINGTON,SNTL,SNOTEL,5130,46.78265,-121.74765,Pierce,53,10/1/1979,1/1/2100,326.77039,15.62559,46.75819329,-121.7179822,0.038448824,Paradise,0.082197758,42,Evergreen Forest,9,Csb,Temperate-dry_summer-warm_summer,This location has low elevation,This location has high southness,"This location has a climate with warm, dry summers and mild, wet winters.","This location has forests dominated by trees that retain their leaves throughout the year, typically found in regions with a moderate to high amount of rainfall."
Park Cone,680,CO,COLORADO,SNTL,SNOTEL,9621,38.81982,-106.58962,Gunnison,51,10/1/1979,1/1/2100,4.49328,17.05311,38.80370975,-106.6109385,0.026721088,Park Cone,0.211849694,42,Evergreen Forest,26,Dfb,Cold-no_dry_season-warm_summer,This location has very high elevation,This location has high southness,"This location has a climate with warm summers and cold winters, with significant precipitation throughout the year.","This location has forests dominated by trees that retain their leaves throughout the year, typically found in regions with a moderate to high amount of rainfall."
Park Creek Ridge,681,WA,WASHINGTON,SNTL,SNOTEL,4600,48.44488,-120.91551,Chelan,7,10/1/1978,1/1/2100,142.32118,5.93806,48.46272547,-120.9097864,0.01874088,Park Creek Ridge,0.196926538,42,Evergreen Forest,18,Dsb,Cold-dry_summer-warm_summer,This location has low elevation,This location has high southness,"This location has a continental climate with warm summers and cold winters, characterized by significant seasonal temperature variation and relatively low precipitation.","This location has forests dominated by trees that retain their leaves throughout the year, typically found in regions with a moderate to high amount of rainfall."
Park Reservoir,682,CO,COLORADO,SNTL,SNOTEL,9987,39.04433,-107.87951,Delta,29,10/1/1978,1/1/2100,16.90535,14.17834,39.03098071,-107.8543165,0.028511652,Park Reservoir,-0.364483024,42,Evergreen Forest,26,Dfb,Cold-no_dry_season-warm_summer,This location has very high elevation,This location has low southness,"This location has a climate with warm summers and cold winters, with significant precipitation throughout the year.","This location has forests dominated by trees that retain their leaves throughout the year, typically found in regions with a moderate to high amount of rainfall."
Parker Peak,683,WY,WYOMING,SNTL,SNOTEL,9400,44.73396,-109.91484,Park,29,10/1/1979,1/1/2100,94.54504,3.35862,44.71275466,-109.9058904,0.023016563,Parker Peak,-0.205883928,42,Evergreen Forest,26,Dfb,Cold-no_dry_season-warm_summer,This location has very high elevation,This location has moderate southness,"This location has a climate with warm summers and cold winters, with significant precipitation throughout the year.","This location has forests dominated by trees that retain their leaves throughout the year, typically found in regions with a moderate to high amount of rainfall."
Parleys Summit,684,UT,UTAH,SNTL,SNOTEL,7585,40.76184,-111.62917,Summit,43,10/1/1978,1/1/2100,28.44338,10.63738,40.7355129,-111.6466197,0.031584932,Parleys Summit,0.923181803,41,Deciduous Forest,7,BSk,Arid-steppe-cold,This location has moderate elevation,This location has very high southness,This location has a climate with low precipitation and cooler temperatures.,"This location has forests where trees lose their leaves seasonally, typically found in regions with distinct seasons including a warm growing season and a cold winter."
Peavine Ridge,687,OR,OREGON,SNTL,SNOTEL,3420,45.04148,-121.93252,Clackamas,5,10/1/1979,1/1/2100,355.52939,10.88002,45.0536611,-121.9044889,0.03056344,Peavine Ridge,0.857344073,42,Evergreen Forest,9,Csb,Temperate-dry_summer-warm_summer,This location has low elevation,This location has very high southness,"This location has a climate with warm, dry summers and mild, wet winters.","This location has forests dominated by trees that retain their leaves throughout the year, typically found in regions with a moderate to high amount of rainfall."
Peterson Meadows,930,MT,MONTANA,SNTL,SNOTEL,7200,46.12588,-113.30792,Granite,39,10/1/1965,1/1/2100,89.92463,3.00966,46.13319815,-113.3251801,0.018747434,Peterson Meadows,-0.049921318,42,Evergreen Forest,26,Dfb,Cold-no_dry_season-warm_summer,This location has moderate elevation,This location has moderate southness,"This location has a climate with warm summers and cold winters, with significant precipitation throughout the year.","This location has forests dominated by trees that retain their leaves throughout the year, typically found in regions with a moderate to high amount of rainfall."
Phantom Valley,688,CO,COLORADO,SNTL,SNOTEL,9045,40.39803,-105.84606,Grand,49,10/1/1979,1/1/2100,192.11607,5.16541,40.39460646,-105.8649116,0.019159947,Phantom Valley,0.797971543,42,Evergreen Forest,26,Dfb,Cold-no_dry_season-warm_summer,This location has high elevation,This location has very high southness,"This location has a climate with warm summers and cold winters, with significant precipitation throughout the year.","This location has forests dominated by trees that retain their leaves throughout the year, typically found in regions with a moderate to high amount of rainfall."
Phillips Bench,689,WY,WYOMING,SNTL,SNOTEL,8200,43.51687,-110.91258,Teton,39,3/1/1976,1/1/2100,88.96738,10.13836,43.51958213,-110.9005928,0.01229015,Phillips Bench,-0.352117066,42,Evergreen Forest,18,Dsb,Cold-dry_summer-warm_summer,This location has high elevation,This location has moderate southness,"This location has a continental climate with warm summers and cold winters, characterized by significant seasonal temperature variation and relatively low precipitation.","This location has forests dominated by trees that retain their leaves throughout the year, typically found in regions with a moderate to high amount of rainfall."
Pickfoot Creek,690,MT,MONTANA,SNTL,SNOTEL,6650,46.57978,-111.26832,Meagher,59,6/1/1977,1/1/2100,71.41703,10.15234,46.58774007,-111.2736063,0.009555483,Pickfoot Creek,0.444094329,42,Evergreen Forest,7,BSk,Arid-steppe-cold,This location has moderate elevation,This location has very high southness,This location has a climate with low precipitation and cooler temperatures.,"This location has forests dominated by trees that retain their leaves throughout the year, typically found in regions with a moderate to high amount of rainfall."
Pickle Keg,691,UT,UTAH,SNTL,SNOTEL,9020,39.01219,-111.58259,Sevier,41,10/1/1978,1/1/2100,153.09239,33.19012,39.03098071,-111.5844508,0.018882618,Pickle Keg,-0.649572822,41,Deciduous Forest,7,BSk,Arid-steppe-cold,This location has high elevation,This location has low southness,This location has a climate with low precipitation and cooler temperatures.,"This location has forests where trees lose their leaves seasonally, typically found in regions with distinct seasons including a warm growing season and a cold winter."
Pigtail Peak,692,WA,WASHINGTON,SNTL,SNOTEL,5800,46.62153,-121.38643,Yakima,77,10/1/1979,1/1/2100,101.21085,4.86047,46.64455781,-121.4071376,0.030969112,Pigtail Peak,-0.769134445,42,Evergreen Forest,18,Dsb,Cold-dry_summer-warm_summer,This location has low elevation,This location has low southness,"This location has a continental climate with warm summers and cold winters, characterized by significant seasonal temperature variation and relatively low precipitation.","This location has forests dominated by trees that retain their leaves throughout the year, typically found in regions with a moderate to high amount of rainfall."
Pike Creek,693,MT,MONTANA,SNTL,SNOTEL,5930,48.30305,-113.32868,Pondera,73,10/1/1960,1/1/2100,132.10641,8.59838,48.29227226,-113.3251801,0.011331774,Pike Creek,0.726157714,71,Grassland_Herbaceous,26,Dfb,Cold-no_dry_season-warm_summer,This location has low elevation,This location has very high southness,"This location has a climate with warm summers and cold winters, with significant precipitation throughout the year.","This location has areas dominated by grasses and other herbaceous plants, often found in regions with moderate to low rainfall and no trees."
Pine Creek,694,UT,UTAH,SNTL,SNOTEL,8734,38.88185,-112.24915,Millard,27,2/13/1985,1/1/2100,359.96146,28.98442,38.86052749,-112.2683087,0.028665418,Pine Creek,0.160714613,42,Evergreen Forest,7,BSk,Arid-steppe-cold,This location has high elevation,This location has high southness,This location has a climate with low precipitation and cooler temperatures.,"This location has forests dominated by trees that retain their leaves throughout the year, typically found in regions with a moderate to high amount of rainfall."
Pine Creek Pass,695,ID,IDAHO,SNTL,SNOTEL,6720,43.56998,-111.21157,Teton,81,10/1/1988,1/1/2100,72.69935,8.08087,43.57639987,-111.2114374,0.006421243,Pine Creek Pass,-0.880432148,42,Evergreen Forest,25,Dfa,Cold-no_dry_season-hot_summer,This location has moderate elevation,This location has low southness,"This location has a climate with hot summers and cold winters, with significant precipitation throughout the year.","This location has forests dominated by trees that retain their leaves throughout the year, typically found in regions with a moderate to high amount of rainfall."
Placer Basin,696,MT,MONTANA,SNTL,SNOTEL,8830,45.41905,-110.08844,Sweet Grass,97,10/1/1976,1/1/2100,54.24606,3.6336,45.39456754,-110.0923971,0.02480019,Placer Basin,0.315663746,42,Evergreen Forest,26,Dfb,Cold-no_dry_season-warm_summer,This location has high elevation,This location has high southness,"This location has a climate with warm summers and cold winters, with significant precipitation throughout the year.","This location has forests dominated by trees that retain their leaves throughout the year, typically found in regions with a moderate to high amount of rainfall."
Poison Flat,697,CA,CALIFORNIA,SNTL,SNOTEL,7736,38.50576,-119.62624,Alpine,3,10/1/1980,1/1/2100,11.65286,9.32712,38.51962105,-119.6042394,0.026002975,Poison Flat,0.059571322,42,Evergreen Forest,8,Csa,Temperate-dry_summer-hot_summer,This location has moderate elevation,This location has high southness,"This location has a climate with hot, dry summers and mild, wet winters.","This location has forests dominated by trees that retain their leaves throughout the year, typically found in regions with a moderate to high amount of rainfall."
Pope Ridge,699,WA,WASHINGTON,SNTL,SNOTEL,3590,47.9909,-120.56622,Chelan,7,10/1/1979,1/1/2100,66.0451,7.85886,48.00818356,-120.536773,0.034144528,Pope Ridge,-0.997422062,52,Shrub_Scrub,18,Dsb,Cold-dry_summer-warm_summer,This location has low elevation,This location has low southness,"This location has a continental climate with warm summers and cold winters, characterized by significant seasonal temperature variation and relatively low precipitation.","This location has areas dominated by shrubs and small trees, often found in regions with dry or semi-arid climates, or as a transitional stage in forest succession."
Porcupine,700,MT,MONTANA,SNTL,SNOTEL,6500,46.11192,-110.4696,Park,67,10/1/1975,1/1/2100,284.26529,9.94411,46.13319815,-110.4654105,0.02168667,Porcupine,-0.024232227,42,Evergreen Forest,7,BSk,Arid-steppe-cold,This location has moderate elevation,This location has moderate southness,This location has a climate with low precipitation and cooler temperatures.,"This location has forests dominated by trees that retain their leaves throughout the year, typically found in regions with a moderate to high amount of rainfall."
Porphyry Creek,701,CO,COLORADO,SNTL,SNOTEL,10788,38.48864,-106.33967,Gunnison,51,10/1/1978,1/1/2100,293.05109,9.04669,38.46280331,-106.3622628,0.034321576,Porphyry Creek,-0.234353658,42,Evergreen Forest,7,BSk,Arid-steppe-cold,This location has very high elevation,This location has moderate southness,This location has a climate with low precipitation and cooler temperatures.,"This location has forests dominated by trees that retain their leaves throughout the year, typically found in regions with a moderate to high amount of rainfall."
Potato Hill,702,WA,WASHINGTON,SNTL,SNOTEL,4510,46.34963,-121.51435,Yakima,77,10/1/1980,1/1/2100,325.75616,3.44102,46.36046911,-121.5314754,0.020267387,Potato Hill,-0.166875627,42,Evergreen Forest,9,Csb,Temperate-dry_summer-warm_summer,This location has low elevation,This location has moderate southness,"This location has a climate with warm, dry summers and mild, wet winters.","This location has forests dominated by trees that retain their leaves throughout the year, typically found in regions with a moderate to high amount of rainfall."
Powder River Pass,703,WY,WYOMING,SNTL,SNOTEL,9480,44.16188,-107.12622,Johnson,19,10/1/1949,1/1/2100,178.93996,14.17756,44.14457727,-107.1082897,0.024917478,Powder River Pass,-0.990646378,42,Evergreen Forest,26,Dfb,Cold-no_dry_season-warm_summer,This location has very high elevation,This location has low southness,"This location has a climate with warm summers and cold winters, with significant precipitation throughout the year.","This location has forests dominated by trees that retain their leaves throughout the year, typically found in regions with a moderate to high amount of rainfall."
Prairie,704,ID,IDAHO,SNTL,SNOTEL,4800,43.50513,-115.573,Elmore,39,10/1/1979,1/1/2100,185.87894,4.52523,43.51958213,-115.5632606,0.017427542,Prairie,0.850225717,52,Shrub_Scrub,8,Csa,Temperate-dry_summer-hot_summer,This location has low elevation,This location has very high southness,"This location has a climate with hot, dry summers and mild, wet winters.","This location has areas dominated by shrubs and small trees, often found in regions with dry or semi-arid climates, or as a transitional stage in forest succession."
Promontory,705,AZ,ARIZONA,SNTL,SNOTEL,7942,34.36848,-111.01088,Coconino,5,10/1/1979,1/1/2100,343.25085,7.64106,34.37192607,-111.0249306,0.014467065,Promontory,-0.668777263,42,Evergreen Forest,8,Csa,Temperate-dry_summer-hot_summer,This location has high elevation,This location has low southness,"This location has a climate with hot, dry summers and mild, wet winters.","This location has forests dominated by trees that retain their leaves throughout the year, typically found in regions with a moderate to high amount of rainfall."
Quartz Mountain,706,OR,OREGON,SNTL,SNOTEL,5720,42.31923,-120.82533,Lake,37,10/1/1979,1/1/2100,204.86806,6.04004,42.3264096,-120.8476175,0.023415359,Quartz Mountain,0.189524098,52,Shrub_Scrub,8,Csa,Temperate-dry_summer-hot_summer,This location has low elevation,This location has high southness,"This location has a climate with hot, dry summers and mild, wet winters.","This location has areas dominated by shrubs and small trees, often found in regions with dry or semi-arid climates, or as a transitional stage in forest succession."
Quartz Peak,707,WA,WASHINGTON,SNTL,SNOTEL,4700,47.87927,-117.08938,Spokane,63,10/1/1985,1/1/2100,212.8768,13.78173,47.89454808,-117.1174832,0.031987688,Quartz Peak,0.684994702,42,Evergreen Forest,8,Csa,Temperate-dry_summer-hot_summer,This location has low elevation,This location has very high southness,"This location has a climate with hot, dry summers and mild, wet winters.","This location has forests dominated by trees that retain their leaves throughout the year, typically found in regions with a moderate to high amount of rainfall."
Quemazon,708,NM,NEW MEXICO,SNTL,SNOTEL,9507,35.92195,-106.39179,Los Alamos,28,10/1/1979,1/1/2100,157.5116,5.28239,35.90600503,-106.3622628,0.033557345,Quemazon,-0.764566712,42,Evergreen Forest,7,BSk,Arid-steppe-cold,This location has very high elevation,This location has low southness,This location has a climate with low precipitation and cooler temperatures.,"This location has forests dominated by trees that retain their leaves throughout the year, typically found in regions with a moderate to high amount of rainfall."
Rabbit Ears,709,CO,COLORADO,SNTL,SNOTEL,9411,40.36735,-106.74118,Routt,107,10/1/1985,1/1/2100,266.01709,14.17979,40.39460646,-106.7352763,0.027888504,Rabbit Ears,-0.524349413,42,Evergreen Forest,26,Dfb,Cold-no_dry_season-warm_summer,This location has very high elevation,This location has low southness,"This location has a climate with warm summers and cold winters, with significant precipitation throughout the year.","This location has forests dominated by trees that retain their leaves throughout the year, typically found in regions with a moderate to high amount of rainfall."
Railroad Overpass,710,OR,OREGON,SNTL,SNOTEL,2680,43.65887,-122.21272,Lane,39,10/1/1980,1/1/2100,219.54776,1.08498,43.63321761,-122.2153334,0.025785165,Railroad Overpass,0.826441652,42,Evergreen Forest,9,Csb,Temperate-dry_summer-warm_summer,This location has low elevation,This location has very high southness,"This location has a climate with warm, dry summers and mild, wet winters.","This location has forests dominated by trees that retain their leaves throughout the year, typically found in regions with a moderate to high amount of rainfall."
Rainy Pass,711,WA,WASHINGTON,SNTL,SNOTEL,4890,48.51865,-120.7358,Chelan,7,10/1/1979,1/1/2100,44.93942,14.69438,48.51954321,-120.7232797,0.012552136,Rainy Pass,0.488763273,42,Evergreen Forest,18,Dsb,Cold-dry_summer-warm_summer,This location has low elevation,This location has very high southness,"This location has a continental climate with warm summers and cold winters, characterized by significant seasonal temperature variation and relatively low precipitation.","This location has forests dominated by trees that retain their leaves throughout the year, typically found in regions with a moderate to high amount of rainfall."
Red Hill,712,OR,OREGON,SNTL,SNOTEL,4410,45.4643,-121.70428,Hood River,27,10/1/1978,1/1/2100,350.03311,9.12794,45.45138528,-121.7179822,0.018829205,Red Hill,-0.073631485,42,Evergreen Forest,9,Csb,Temperate-dry_summer-warm_summer,This location has low elevation,This location has moderate southness,"This location has a climate with warm, dry summers and mild, wet winters.","This location has forests dominated by trees that retain their leaves throughout the year, typically found in regions with a moderate to high amount of rainfall."
Red Mountain Pass,713,CO,COLORADO,SNTL,SNOTEL,11080,37.89168,-107.71389,San Juan,111,10/1/1979,1/1/2100,271.98282,13.51336,37.89462592,-107.7299787,0.016356208,Red Mountain Pass,-0.189033257,42,Evergreen Forest,26,Dfb,Cold-no_dry_season-warm_summer,This location has very high elevation,This location has moderate southness,"This location has a climate with warm summers and cold winters, with significant precipitation throughout the year.","This location has forests dominated by trees that retain their leaves throughout the year, typically found in regions with a moderate to high amount of rainfall."
Red Pine Ridge,714,UT,UTAH,SNTL,SNOTEL,8988,39.45197,-111.27221,Emery,15,10/1/1978,1/1/2100,174.76227,3.50959,39.42870489,-111.2736063,0.023306975,Red Pine Ridge,-0.141376132,52,Shrub_Scrub,7,BSk,Arid-steppe-cold,This location has high elevation,This location has moderate southness,This location has a climate with low precipitation and cooler temperatures.,"This location has areas dominated by shrubs and small trees, often found in regions with dry or semi-arid climates, or as a transitional stage in forest succession."
Red River Pass 2,715,NM,NEW MEXICO,SNTL,SNOTEL,9855,36.69935,-105.34145,Taos,55,10/1/1978,1/1/2100,358.74493,2.8604,36.70145339,-105.3675604,0.026194955,Red River Pass #2,0.228503054,42,Evergreen Forest,26,Dfb,Cold-no_dry_season-warm_summer,This location has very high elevation,This location has high southness,"This location has a climate with warm summers and cold winters, with significant precipitation throughout the year.","This location has forests dominated by trees that retain their leaves throughout the year, typically found in regions with a moderate to high amount of rainfall."
Reno Hill,716,WY,WYOMING,SNTL,SNOTEL,8430,42.57089,-106.08969,Natrona,25,10/1/1979,1/1/2100,237.07597,3.40016,42.55368056,-106.1135872,0.029448971,Reno Hill,0.02915617,42,Evergreen Forest,7,BSk,Arid-steppe-cold,This location has high elevation,This location has high southness,This location has a climate with low precipitation and cooler temperatures.,"This location has forests dominated by trees that retain their leaves throughout the year, typically found in regions with a moderate to high amount of rainfall."
Ripple Creek,717,CO,COLORADO,SNTL,SNOTEL,10350,40.10844,-107.29383,Rio Blanco,103,10/1/1985,1/1/2100,208.56447,6.97648,40.11051776,-107.2947964,0.002291509,Ripple Creek,0.220002453,42,Evergreen Forest,26,Dfb,Cold-no_dry_season-warm_summer,This location has very high elevation,This location has high southness,"This location has a climate with warm summers and cold winters, with significant precipitation throughout the year.","This location has forests dominated by trees that retain their leaves throughout the year, typically found in regions with a moderate to high amount of rainfall."
Roach,718,CO,COLORADO,SNTL,SNOTEL,9740,40.87498,-106.04675,Larimer,69,10/1/1979,1/1/2100,129.42186,10.12756,40.84914837,-106.0514183,0.026250067,Roach,0.527332974,42,Evergreen Forest,26,Dfb,Cold-no_dry_season-warm_summer,This location has very high elevation,This location has very high southness,"This location has a climate with warm summers and cold winters, with significant precipitation throughout the year.","This location has forests dominated by trees that retain their leaves throughout the year, typically found in regions with a moderate to high amount of rainfall."
Roaring River,719,OR,OREGON,SNTL,SNOTEL,4950,43.90098,-122.03063,Lane,39,10/1/1979,1/1/2100,311.00009,4.8932,43.91730631,-122.0288267,0.016425602,Roaring River,0.983546121,42,Evergreen Forest,9,Csb,Temperate-dry_summer-warm_summer,This location has low elevation,This location has very high southness,"This location has a climate with warm, dry summers and mild, wet winters.","This location has forests dominated by trees that retain their leaves throughout the year, typically found in regions with a moderate to high amount of rainfall."
Rock Creek,720,UT,UTAH,SNTL,SNOTEL,7886,40.54875,-110.69292,Duchesne,13,6/12/1980,1/1/2100,166.37465,7.13669,40.56505968,-110.7140861,0.026720972,Rock Creek,-0.747253324,42,Evergreen Forest,26,Dfb,Cold-no_dry_season-warm_summer,This location has high elevation,This location has low southness,"This location has a climate with warm summers and cold winters, with significant precipitation throughout the year.","This location has forests dominated by trees that retain their leaves throughout the year, typically found in regions with a moderate to high amount of rainfall."
Rock Springs,721,OR,OREGON,SNTL,SNOTEL,5290,44.00883,-118.83842,Grant,23,10/1/1979,1/1/2100,297.30933,17.22338,44.03094179,-118.8582126,0.029676198,Rock Springs,0.415164337,42,Evergreen Forest,7,BSk,Arid-steppe-cold,This location has low elevation,This location has very high southness,This location has a climate with low precipitation and cooler temperatures.,"This location has forests dominated by trees that retain their leaves throughout the year, typically found in regions with a moderate to high amount of rainfall."
Rocker Peak,722,MT,MONTANA,SNTL,SNOTEL,8000,46.35613,-112.26176,Jefferson,43,10/1/1967,1/1/2100,143.53719,13.46823,46.36046911,-112.2683087,0.007855807,Rocker Peak,0.439529519,42,Evergreen Forest,7,BSk,Arid-steppe-cold,This location has high elevation,This location has very high southness,This location has a climate with low precipitation and cooler temperatures.,"This location has forests dominated by trees that retain their leaves throughout the year, typically found in regions with a moderate to high amount of rainfall."
Rocky Basin Settleme,723,UT,UTAH,SNTL,SNOTEL,8704,40.44293,-112.22377,Tooele,45,6/10/1980,1/1/2100,286.61731,7.2528,40.4514242,-112.2061398,0.019569736,Rocky Basin-Settleme,-0.613211567,42,Evergreen Forest,7,BSk,Arid-steppe-cold,This location has high elevation,This location has low southness,This location has a climate with low precipitation and cooler temperatures.,"This location has forests dominated by trees that retain their leaves throughout the year, typically found in regions with a moderate to high amount of rainfall."
Rocky Boy,917,MT,MONTANA,SNTL,SNOTEL,4700,48.17478,-109.64728,Hill,41,10/1/1967,1/1/2100,78.76733,7.15338,48.17863678,-109.6572148,0.010657113,Rocky Boy,-0.744754638,42,Evergreen Forest,7,BSk,Arid-steppe-cold,This location has low elevation,This location has low southness,This location has a climate with low precipitation and cooler temperatures.,"This location has forests dominated by trees that retain their leaves throughout the year, typically found in regions with a moderate to high amount of rainfall."
Rubicon 2,724,CA,CALIFORNIA,SNTL,SNOTEL,7619,38.99927,-120.13139,El Dorado,17,10/1/1980,1/1/2100,33.96515,15.87775,38.97416297,-120.1015906,0.038966198,Rubicon #2,0.140182714,42,Evergreen Forest,8,Csa,Temperate-dry_summer-hot_summer,This location has moderate elevation,This location has high southness,"This location has a climate with hot, dry summers and mild, wet winters.","This location has forests dominated by trees that retain their leaves throughout the year, typically found in regions with a moderate to high amount of rainfall."
S Fork Shields,725,MT,MONTANA,SNTL,SNOTEL,8100,46.0896,-110.43363,Park,67,10/1/1978,1/1/2100,281.24988,6.29659,46.07638041,-110.4032416,0.033139284,S Fork Shields,0.001035621,52,Shrub_Scrub,7,BSk,Arid-steppe-cold,This location has high elevation,This location has moderate southness,This location has a climate with low precipitation and cooler temperatures.,"This location has areas dominated by shrubs and small trees, often found in regions with dry or semi-arid climates, or as a transitional stage in forest succession."
Saddle Mountain,726,OR,OREGON,SNTL,SNOTEL,3110,45.54477,-123.37315,Washington,67,10/1/1978,1/1/2100,148.57635,19.24472,45.56502076,-123.3965426,0.030940348,Saddle Mountain,-0.232758075,42,Evergreen Forest,9,Csb,Temperate-dry_summer-warm_summer,This location has low elevation,This location has moderate southness,"This location has a climate with warm, dry summers and mild, wet winters.","This location has forests dominated by trees that retain their leaves throughout the year, typically found in regions with a moderate to high amount of rainfall."
Saddle Mtn,727,MT,MONTANA,SNTL,SNOTEL,7940,45.69259,-113.96828,Beaverhead,1,10/1/1967,1/1/2100,59.14361,8.15253,45.67865624,-113.9468691,0.025545544,Saddle Mtn,-0.81648141,42,Evergreen Forest,26,Dfb,Cold-no_dry_season-warm_summer,This location has high elevation,This location has low southness,"This location has a climate with warm summers and cold winters, with significant precipitation throughout the year.","This location has forests dominated by trees that retain their leaves throughout the year, typically found in regions with a moderate to high amount of rainfall."
Salmon Meadows,728,WA,WASHINGTON,SNTL,SNOTEL,4460,48.65518,-119.8383,Okanogan,47,10/1/1979,1/1/2100,248.54605,4.03396,48.63317869,-119.852915,0.026413189,Salmon Meadows,0.72858826,42,Evergreen Forest,7,BSk,Arid-steppe-cold,This location has low elevation,This location has very high southness,This location has a climate with low precipitation and cooler temperatures.,"This location has forests dominated by trees that retain their leaves throughout the year, typically found in regions with a moderate to high amount of rainfall."
Salt Creek Falls,729,OR,OREGON,SNTL,SNOTEL,4220,43.61193,-122.11758,Lane,39,10/1/1979,1/1/2100,172.74982,11.38243,43.63321761,-122.0909956,0.034057218,Salt Creek Falls,0.925439204,42,Evergreen Forest,9,Csb,Temperate-dry_summer-warm_summer,This location has low elevation,This location has very high southness,"This location has a climate with warm, dry summers and mild, wet winters.","This location has forests dominated by trees that retain their leaves throughout the year, typically found in regions with a moderate to high amount of rainfall."
Salt River Summit,730,WY,WYOMING,SNTL,SNOTEL,7640,42.5075,-110.9099,Lincoln,23,10/1/1959,1/1/2100,49.95781,12.92476,42.49686282,-110.9005928,0.014134103,Salt River Summit,0.334294778,42,Evergreen Forest,26,Dfb,Cold-no_dry_season-warm_summer,This location has moderate elevation,This location has high southness,"This location has a climate with warm summers and cold winters, with significant precipitation throughout the year.","This location has forests dominated by trees that retain their leaves throughout the year, typically found in regions with a moderate to high amount of rainfall."
Sand Lake,731,WY,WYOMING,SNTL,SNOTEL,10098,41.4625,-106.281,Carbon,7,10/1/1979,1/1/2100,324.92487,10.95134,41.47414351,-106.3000939,0.022364023,Sand Lake,0.227724996,42,Evergreen Forest,26,Dfb,Cold-no_dry_season-warm_summer,This location has very high elevation,This location has high southness,"This location has a climate with warm summers and cold winters, with significant precipitation throughout the year.","This location has forests dominated by trees that retain their leaves throughout the year, typically found in regions with a moderate to high amount of rainfall."
Sandstone RS,732,WY,WYOMING,SNTL,SNOTEL,8152,41.11179,-107.17043,Carbon,7,10/1/1984,1/1/2100,303.93924,4.09669,41.13323707,-107.1704586,0.021447091,Sandstone RS,0.571547254,41,Deciduous Forest,7,BSk,Arid-steppe-cold,This location has high elevation,This location has very high southness,This location has a climate with low precipitation and cooler temperatures.,"This location has forests where trees lose their leaves seasonally, typically found in regions with distinct seasons including a warm growing season and a cold winter."
Santiam Jct,733,OR,OREGON,SNTL,SNOTEL,3740,44.43503,-121.94502,Linn,43,10/1/1978,1/1/2100,319.33786,0.61161,44.42866597,-121.9666578,0.022554243,Santiam Jct,0.258096834,52,Shrub_Scrub,9,Csb,Temperate-dry_summer-warm_summer,This location has low elevation,This location has high southness,"This location has a climate with warm, dry summers and mild, wet winters.","This location has areas dominated by shrubs and small trees, often found in regions with dry or semi-arid climates, or as a transitional stage in forest succession."
Sasse Ridge,734,WA,WASHINGTON,SNTL,SNOTEL,4340,47.38485,-121.06323,Kittitas,37,10/1/1983,1/1/2100,292.37286,14.10364,47.38318842,-121.0341242,0.029153184,Sasse Ridge,-0.978562988,71,Grassland_Herbaceous,9,Csb,Temperate-dry_summer-warm_summer,This location has low elevation,This location has low southness,"This location has a climate with warm, dry summers and mild, wet winters.","This location has areas dominated by grasses and other herbaceous plants, often found in regions with moderate to low rainfall and no trees."
Savage Pass,735,ID,IDAHO,SNTL,SNOTEL,6190,46.46633,-114.63333,Idaho,49,10/1/1982,1/1/2100,39.40121,8.68287,46.47410459,-114.6307271,0.008198746,Savage Pass,-0.088465371,42,Evergreen Forest,18,Dsb,Cold-dry_summer-warm_summer,This location has moderate elevation,This location has moderate southness,"This location has a continental climate with warm summers and cold winters, characterized by significant seasonal temperature variation and relatively low precipitation.","This location has forests dominated by trees that retain their leaves throughout the year, typically found in regions with a moderate to high amount of rainfall."
Schneider Meadows,736,OR,OREGON,SNTL,SNOTEL,5400,45.00107,-117.16522,Baker,1,10/1/1980,1/1/2100,205.9917,3.83061,44.99684336,-117.1796522,0.015038333,Schneider Meadows,-0.137120485,52,Shrub_Scrub,18,Dsb,Cold-dry_summer-warm_summer,This location has low elevation,This location has moderate southness,"This location has a continental climate with warm summers and cold winters, characterized by significant seasonal temperature variation and relatively low precipitation.","This location has areas dominated by shrubs and small trees, often found in regions with dry or semi-arid climates, or as a transitional stage in forest succession."
Schofield Pass,737,CO,COLORADO,SNTL,SNOTEL,10653,39.01467,-107.04933,Gunnison,51,10/1/1984,1/1/2100,234.63849,12.2366,39.03098071,-107.0461208,0.016623427,Schofield Pass,0.180120391,42,Evergreen Forest,26,Dfb,Cold-no_dry_season-warm_summer,This location has very high elevation,This location has high southness,"This location has a climate with warm summers and cold winters, with significant precipitation throughout the year.","This location has forests dominated by trees that retain their leaves throughout the year, typically found in regions with a moderate to high amount of rainfall."
Schweitzer Basin,738,ID,IDAHO,SNTL,SNOTEL,6090,48.37428,-116.63917,Bonner,17,10/1/1979,1/1/2100,311.7341,20.75154,48.34909,-116.620132,0.03157501,Schweitzer Basin,-0.713173419,42,Evergreen Forest,8,Csa,Temperate-dry_summer-hot_summer,This location has moderate elevation,This location has low southness,"This location has a climate with hot, dry summers and mild, wet winters.","This location has forests dominated by trees that retain their leaves throughout the year, typically found in regions with a moderate to high amount of rainfall."
Scotch Creek,739,CO,COLORADO,SNTL,SNOTEL,9195,37.64562,-108.00833,Dolores,33,10/1/1985,1/1/2100,175.09961,15.43898,37.66735496,-107.9786543,0.03678387,Scotch Creek,0.179431803,41,Deciduous Forest,18,Dsb,Cold-dry_summer-warm_summer,This location has very high elevation,This location has high southness,"This location has a continental climate with warm summers and cold winters, characterized by significant seasonal temperature variation and relatively low precipitation.","This location has forests where trees lose their leaves seasonally, typically found in regions with distinct seasons including a warm growing season and a cold winter."
Secesh Summit,740,ID,IDAHO,SNTL,SNOTEL,6540,45.18848,-115.97152,Valley,85,10/1/1979,1/1/2100,140.3521,4.52441,45.16729658,-115.998443,0.034257608,Secesh Summit,0.51450669,52,Shrub_Scrub,18,Dsb,Cold-dry_summer-warm_summer,This location has moderate elevation,This location has very high southness,"This location has a continental climate with warm summers and cold winters, characterized by significant seasonal temperature variation and relatively low precipitation.","This location has areas dominated by shrubs and small trees, often found in regions with dry or semi-arid climates, or as a transitional stage in forest succession."
Sedgwick Peak,741,ID,IDAHO,SNTL,SNOTEL,7850,42.52497,-111.95635,Bannock,5,10/1/1988,1/1/2100,26.16933,24.47571,42.49686282,-111.9574642,0.028129254,Sedgwick Peak,-0.310978556,42,Evergreen Forest,7,BSk,Arid-steppe-cold,This location has moderate elevation,This location has moderate southness,This location has a climate with low precipitation and cooler temperatures.,"This location has forests dominated by trees that retain their leaves throughout the year, typically found in regions with a moderate to high amount of rainfall."
Seeley Creek,742,UT,UTAH,SNTL,SNOTEL,9904,39.31042,-111.43297,Sanpete,39,10/18/1978,1/1/2100,129.32419,1.1931,39.31506941,-111.460113,0.0275383,Seeley Creek,-0.807163988,71,Grassland_Herbaceous,7,BSk,Arid-steppe-cold,This location has very high elevation,This location has low southness,This location has a climate with low precipitation and cooler temperatures.,"This location has areas dominated by grasses and other herbaceous plants, often found in regions with moderate to low rainfall and no trees."
Seine Creek,743,OR,OREGON,SNTL,SNOTEL,2060,45.52688,-123.29857,Washington,67,10/1/1979,1/1/2100,347.30203,5.69026,45.50820302,-123.2722048,0.032310306,Seine Creek,0.086841071,21,Developed_Open Space,9,Csb,Temperate-dry_summer-warm_summer,This location has low elevation,This location has high southness,"This location has a climate with warm, dry summers and mild, wet winters.","This location has urban areas with open spaces and low-density development, such as parks, golf courses, and other recreational areas."
Senorita Divide 2,744,NM,NEW MEXICO,SNTL,SNOTEL,8569,36.00152,-106.83408,Rio Arriba,39,10/1/1979,1/1/2100,122.25288,3.88109,36.01964051,-106.8596141,0.031310408,Senorita Divide #2,0.64963883,42,Evergreen Forest,7,BSk,Arid-steppe-cold,This location has high elevation,This location has very high southness,This location has a climate with low precipitation and cooler temperatures.,"This location has forests dominated by trees that retain their leaves throughout the year, typically found in regions with a moderate to high amount of rainfall."
Sevenmile Marsh,745,OR,OREGON,SNTL,SNOTEL,5700,42.69825,-122.14165,Klamath,35,10/1/1979,1/1/2100,323.04895,17.47874,42.72413378,-122.1531645,0.028329372,Sevenmile Marsh,0.843077247,42,Evergreen Forest,9,Csb,Temperate-dry_summer-warm_summer,This location has low elevation,This location has very high southness,"This location has a climate with warm, dry summers and mild, wet winters.","This location has forests dominated by trees that retain their leaves throughout the year, typically found in regions with a moderate to high amount of rainfall."
Seventysix Creek,746,NV,NEVADA,SNTL,SNOTEL,7350,41.73732,-115.47215,Elko,7,10/1/1978,1/1/2100,166.5257,1.75983,41.75823221,-115.5010917,0.035706368,Seventysix Creek,-0.981963703,41,Deciduous Forest,7,BSk,Arid-steppe-cold,This location has moderate elevation,This location has low southness,This location has a climate with low precipitation and cooler temperatures.,"This location has forests where trees lose their leaves seasonally, typically found in regions with distinct seasons including a warm growing season and a cold winter."
Shanghi Summit,747,ID,IDAHO,SNTL,SNOTEL,4600,46.56603,-115.74216,Clearwater,35,10/1/1982,1/1/2100,218.3353,2.27341,46.58774007,-115.7497674,0.023004325,Shanghi Summit,-0.004112951,71,Grassland_Herbaceous,8,Csa,Temperate-dry_summer-hot_summer,This location has low elevation,This location has moderate southness,"This location has a climate with hot, dry summers and mild, wet winters.","This location has areas dominated by grasses and other herbaceous plants, often found in regions with moderate to low rainfall and no trees."
Sheep Canyon,748,WA,WASHINGTON,SNTL,SNOTEL,3990,46.19325,-122.25393,Cowlitz,15,10/1/1980,1/1/2100,324.16031,4.9941,46.19001589,-122.2775023,0.023793112,Sheep Canyon,0.805449977,42,Evergreen Forest,9,Csb,Temperate-dry_summer-warm_summer,This location has low elevation,This location has very high southness,"This location has a climate with warm, dry summers and mild, wet winters.","This location has forests dominated by trees that retain their leaves throughout the year, typically found in regions with a moderate to high amount of rainfall."
Sheep Mtn,749,ID,IDAHO,SNTL,SNOTEL,6650,43.2103,-111.68792,Bingham,11,10/1/1978,1/1/2100,36.82429,10.33342,43.23549344,-111.7087886,0.032714022,Sheep Mtn,-0.505642553,21,Developed_Open Space,7,BSk,Arid-steppe-cold,This location has moderate elevation,This location has low southness,This location has a climate with low precipitation and cooler temperatures.,"This location has urban areas with open spaces and low-density development, such as parks, golf courses, and other recreational areas."
Shell Creek,751,WY,WYOMING,SNTL,SNOTEL,9580,44.50012,-107.42947,Big Horn,3,10/1/1978,1/1/2100,328.51816,4.28386,44.48548371,-107.4191342,0.017917861,Shell Creek,0.200030166,42,Evergreen Forest,26,Dfb,Cold-no_dry_season-warm_summer,This location has very high elevation,This location has high southness,"This location has a climate with warm summers and cold winters, with significant precipitation throughout the year.","This location has forests dominated by trees that retain their leaves throughout the year, typically found in regions with a moderate to high amount of rainfall."
Short Creek,753,MT,MONTANA,SNTL,SNOTEL,7000,44.97572,-111.95215,Madison,57,10/1/1985,1/1/2100,338.90323,21.13519,44.99684336,-111.9574642,0.021781579,Short Creek,0.698841697,42,Evergreen Forest,26,Dfb,Cold-no_dry_season-warm_summer,This location has moderate elevation,This location has very high southness,"This location has a climate with warm summers and cold winters, with significant precipitation throughout the year.","This location has forests dominated by trees that retain their leaves throughout the year, typically found in regions with a moderate to high amount of rainfall."
Shower Falls,754,MT,MONTANA,SNTL,SNOTEL,8100,45.40125,-110.95758,Gallatin,31,10/1/1964,1/1/2100,38.48732,9.1396,45.39456754,-110.9627617,0.008456105,Shower Falls,0.198369324,42,Evergreen Forest,26,Dfb,Cold-no_dry_season-warm_summer,This location has high elevation,This location has high southness,"This location has a climate with warm summers and cold winters, with significant precipitation throughout the year.","This location has forests dominated by trees that retain their leaves throughout the year, typically found in regions with a moderate to high amount of rainfall."
Signal Peak,755,NM,NEW MEXICO,SNTL,SNOTEL,8405,32.92342,-108.14546,Grant,17,10/1/1978,1/1/2100,312.63147,5.84257,32.95148258,-108.1651611,0.034287604,Signal Peak,-0.018334093,52,Shrub_Scrub,7,BSk,Arid-steppe-cold,This location has high elevation,This location has moderate southness,This location has a climate with low precipitation and cooler temperatures.,"This location has areas dominated by shrubs and small trees, often found in regions with dry or semi-arid climates, or as a transitional stage in forest succession."
Silver Creek,756,OR,OREGON,SNTL,SNOTEL,5740,42.95615,-121.18123,Lake,37,10/1/1979,1/1/2100,62.70269,2.37249,42.95140474,-121.158462,0.023257229,Silver Creek,0.689697334,42,Evergreen Forest,8,Csa,Temperate-dry_summer-hot_summer,This location has low elevation,This location has very high southness,"This location has a climate with hot, dry summers and mild, wet winters.","This location has forests dominated by trees that retain their leaves throughout the year, typically found in regions with a moderate to high amount of rainfall."
Silver Creek Divide,757,NM,NEW MEXICO,SNTL,SNOTEL,9096,33.3696,-108.70711,Catron,3,10/1/1978,1/1/2100,344.17044,13.3687,33.34920675,-108.7246812,0.026918976,Silver Creek Divide,0.118834314,42,Evergreen Forest,7,BSk,Arid-steppe-cold,This location has very high elevation,This location has high southness,This location has a climate with low precipitation and cooler temperatures.,"This location has forests dominated by trees that retain their leaves throughout the year, typically found in regions with a moderate to high amount of rainfall."
Silvies,759,OR,OREGON,SNTL,SNOTEL,6990,42.75333,-118.68785,Harney,25,10/1/1978,1/1/2100,267.75409,3.48792,42.78095152,-118.6717058,0.031993467,Silvies,0.255484609,52,Shrub_Scrub,7,BSk,Arid-steppe-cold,This location has moderate elevation,This location has high southness,This location has a climate with low precipitation and cooler temperatures.,"This location has areas dominated by shrubs and small trees, often found in regions with dry or semi-arid climates, or as a transitional stage in forest succession."
Skalkaho Summit,760,MT,MONTANA,SNTL,SNOTEL,7250,46.24212,-113.7725,Granite,39,10/1/1966,1/1/2100,95.09019,1.97007,46.24683363,-113.7603624,0.013020717,Skalkaho Summit,0.613307112,42,Evergreen Forest,26,Dfb,Cold-no_dry_season-warm_summer,This location has moderate elevation,This location has very high southness,"This location has a climate with warm summers and cold winters, with significant precipitation throughout the year.","This location has forests dominated by trees that retain their leaves throughout the year, typically found in regions with a moderate to high amount of rainfall."
Slug Creek Divide,761,ID,IDAHO,SNTL,SNOTEL,7225,42.56248,-111.29797,Caribou,29,10/1/1978,1/1/2100,4.54192,20.19552,42.55368056,-111.2736063,0.025904091,Slug Creek Divide,-0.165374855,42,Evergreen Forest,25,Dfa,Cold-no_dry_season-hot_summer,This location has moderate elevation,This location has moderate southness,"This location has a climate with hot summers and cold winters, with significant precipitation throughout the year.","This location has forests dominated by trees that retain their leaves throughout the year, typically found in regions with a moderate to high amount of rainfall."
Slumgullion,762,CO,COLORADO,SNTL,SNOTEL,11560,37.99076,-107.20392,Hinsdale,53,10/1/1979,1/1/2100,37.28617,9.31552,38.0082614,-107.2326275,0.033621705,Slumgullion,0.099875213,42,Evergreen Forest,26,Dfb,Cold-no_dry_season-warm_summer,This location has very high elevation,This location has high southness,"This location has a climate with warm summers and cold winters, with significant precipitation throughout the year.","This location has forests dominated by trees that retain their leaves throughout the year, typically found in regions with a moderate to high amount of rainfall."
Smith Morehouse,763,UT,UTAH,SNTL,SNOTEL,7631,40.78931,-111.09192,Summit,43,10/1/1978,1/1/2100,299.78271,12.62784,40.79233064,-111.0870995,0.005688672,Smith Morehouse,-0.014565739,42,Evergreen Forest,7,BSk,Arid-steppe-cold,This location has moderate elevation,This location has moderate southness,This location has a climate with low precipitation and cooler temperatures.,"This location has forests dominated by trees that retain their leaves throughout the year, typically found in regions with a moderate to high amount of rainfall."
Snake River Station,764,WY,WYOMING,SNTL,SNOTEL,6920,44.13361,-110.66917,Teton,39,10/1/1989,1/1/2100,32.939,1.29421,44.14457727,-110.6519172,0.020443567,Snake River Station,0.045891646,52,Shrub_Scrub,18,Dsb,Cold-dry_summer-warm_summer,This location has moderate elevation,This location has high southness,"This location has a continental climate with warm summers and cold winters, characterized by significant seasonal temperature variation and relatively low precipitation.","This location has areas dominated by shrubs and small trees, often found in regions with dry or semi-arid climates, or as a transitional stage in forest succession."
Snow Mountain,767,OR,OREGON,SNTL,SNOTEL,6230,43.94885,-119.54013,Harney,25,10/1/1978,1/1/2100,149.62773,6.15125,43.97412405,-119.5420705,0.025348435,Snow Mountain,-0.051480895,42,Evergreen Forest,7,BSk,Arid-steppe-cold,This location has moderate elevation,This location has moderate southness,This location has a climate with low precipitation and cooler temperatures.,"This location has forests dominated by trees that retain their leaves throughout the year, typically found in regions with a moderate to high amount of rainfall."
Snowbird,766,UT,UTAH,SNTL,SNOTEL,9177,40.56914,-111.65852,Salt Lake,35,8/23/1989,1/1/2100,337.83844,12.63399,40.56505968,-111.6466197,0.012580403,Snowbird,0.007902833,42,Evergreen Forest,7,BSk,Arid-steppe-cold,This location has very high elevation,This location has high southness,This location has a climate with low precipitation and cooler temperatures.,"This location has forests dominated by trees that retain their leaves throughout the year, typically found in regions with a moderate to high amount of rainfall."
Somsen Ranch,770,ID,IDAHO,SNTL,SNOTEL,6800,42.95275,-111.35933,Caribou,29,10/1/1978,1/1/2100,16.17789,15.6769,42.95140474,-111.3357752,0.02359322,Somsen Ranch,-0.027691601,52,Shrub_Scrub,25,Dfa,Cold-no_dry_season-hot_summer,This location has moderate elevation,This location has moderate southness,"This location has a climate with hot summers and cold winters, with significant precipitation throughout the year.","This location has areas dominated by shrubs and small trees, often found in regions with dry or semi-arid climates, or as a transitional stage in forest succession."
Sonora Pass,771,CA,CALIFORNIA,SNTL,SNOTEL,8770,38.31021,-119.6003,Mono,51,10/1/1978,1/1/2100,66.97102,18.4835,38.29235009,-119.6042394,0.018289209,Sonora Pass,0.194123393,42,Evergreen Forest,18,Dsb,Cold-dry_summer-warm_summer,This location has high elevation,This location has high southness,"This location has a continental climate with warm summers and cold winters, characterized by significant seasonal temperature variation and relatively low precipitation.","This location has forests dominated by trees that retain their leaves throughout the year, typically found in regions with a moderate to high amount of rainfall."
South Brush Creek,772,WY,WYOMING,SNTL,SNOTEL,8495,41.3295,-106.5025,Carbon,7,2/1/1976,1/1/2100,195.92313,3.63655,41.30369029,-106.4866006,0.030313868,South Brush Creek,-0.196460279,42,Evergreen Forest,7,BSk,Arid-steppe-cold,This location has high elevation,This location has moderate southness,This location has a climate with low precipitation and cooler temperatures.,"This location has forests dominated by trees that retain their leaves throughout the year, typically found in regions with a moderate to high amount of rainfall."
South Mtn,774,ID,IDAHO,SNTL,SNOTEL,6500,42.76478,-116.90037,Owyhee,73,10/1/1978,1/1/2100,104.91502,13.18674,42.78095152,-116.9309765,0.034616152,South Mtn,-0.187461233,42,Evergreen Forest,7,BSk,Arid-steppe-cold,This location has moderate elevation,This location has moderate southness,This location has a climate with low precipitation and cooler temperatures.,"This location has forests dominated by trees that retain their leaves throughout the year, typically found in regions with a moderate to high amount of rainfall."
South Pass,775,WY,WYOMING,SNTL,SNOTEL,9040,42.57317,-108.84325,Fremont,13,10/1/1984,1/1/2100,31.15501,12.42816,42.55368056,-108.849019,0.020325344,South Pass,-0.133108009,42,Evergreen Forest,7,BSk,Arid-steppe-cold,This location has high elevation,This location has moderate southness,This location has a climate with low precipitation and cooler temperatures.,"This location has forests dominated by trees that retain their leaves throughout the year, typically found in regions with a moderate to high amount of rainfall."
Spencer Meadow,776,WA,WASHINGTON,SNTL,SNOTEL,3400,46.1795,-121.92661,Skamania,59,10/1/1980,1/1/2100,280.61658,7.35944,46.19001589,-121.9044889,0.024493442,Spencer Meadow,-0.464528103,42,Evergreen Forest,9,Csb,Temperate-dry_summer-warm_summer,This location has low elevation,This location has low southness,"This location has a climate with warm, dry summers and mild, wet winters.","This location has forests dominated by trees that retain their leaves throughout the year, typically found in regions with a moderate to high amount of rainfall."
Spirit Lake,777,WA,WASHINGTON,SNTL,SNOTEL,3520,46.26113,-122.1772,Skamania,59,10/1/1983,1/1/2100,183.61665,13.89073,46.24683363,-122.1531645,0.027965915,Spirit Lake,0.160744001,71,Grassland_Herbaceous,9,Csb,Temperate-dry_summer-warm_summer,This location has low elevation,This location has high southness,"This location has a climate with warm, dry summers and mild, wet winters.","This location has areas dominated by grasses and other herbaceous plants, often found in regions with moderate to low rainfall and no trees."
Spratt Creek,778,CA,CALIFORNIA,SNTL,SNOTEL,6063,38.66627,-119.81741,Alpine,3,10/1/1983,1/1/2100,47.06446,5.49226,38.69007427,-119.7907461,0.03574361,Spratt Creek,0.709749012,52,Shrub_Scrub,8,Csa,Temperate-dry_summer-hot_summer,This location has moderate elevation,This location has very high southness,"This location has a climate with hot, dry summers and mild, wet winters.","This location has areas dominated by shrubs and small trees, often found in regions with dry or semi-arid climates, or as a transitional stage in forest succession."
Spring Creek Divide,779,WY,WYOMING,SNTL,SNOTEL,9000,42.52516,-110.66148,Sublette,35,10/1/1978,1/1/2100,105.46944,5.91315,42.49686282,-110.6519172,0.029869334,Spring Creek Divide,-0.081068887,42,Evergreen Forest,26,Dfb,Cold-no_dry_season-warm_summer,This location has high elevation,This location has moderate southness,"This location has a climate with warm summers and cold winters, with significant precipitation throughout the year.","This location has forests dominated by trees that retain their leaves throughout the year, typically found in regions with a moderate to high amount of rainfall."
Spud Mountain,780,CO,COLORADO,SNTL,SNOTEL,10674,37.69883,-107.77841,San Juan,111,10/1/1985,1/1/2100,222.01042,4.431,37.7241727,-107.7921476,0.028826635,Spud Mountain,0.48410678,41,Deciduous Forest,26,Dfb,Cold-no_dry_season-warm_summer,This location has very high elevation,This location has very high southness,"This location has a climate with warm summers and cold winters, with significant precipitation throughout the year.","This location has forests where trees lose their leaves seasonally, typically found in regions with distinct seasons including a warm growing season and a cold winter."
Spur Park,781,MT,MONTANA,SNTL,SNOTEL,8100,46.77962,-110.62165,Judith Basin,45,10/1/1966,1/1/2100,317.88321,8.3761,46.75819329,-110.6519172,0.037083804,Spur Park,-0.723897047,42,Evergreen Forest,26,Dfb,Cold-no_dry_season-warm_summer,This location has high elevation,This location has low southness,"This location has a climate with warm summers and cold winters, with significant precipitation throughout the year.","This location has forests dominated by trees that retain their leaves throughout the year, typically found in regions with a moderate to high amount of rainfall."
Squaw Flat,782,ID,IDAHO,SNTL,SNOTEL,6240,44.77091,-116.24805,Adams,3,10/1/1979,1/1/2100,134.65349,10.82012,44.7695724,-116.2471186,0.001629936,Squaw Flat,0.892949623,42,Evergreen Forest,17,Dsa,Cold-dry_summer-hot_summer,This location has moderate elevation,This location has very high southness,"This location has a continental climate with hot summers and cold winters, featuring significant seasonal temperature variation and relatively low precipitation.","This location has forests dominated by trees that retain their leaves throughout the year, typically found in regions with a moderate to high amount of rainfall."
St Lawrence Alt,786,WY,WYOMING,SNTL,SNOTEL,8620,43.03313,-109.17025,Fremont,13,10/1/1983,1/1/2100,3.16337,10.68083,43.00822248,-109.1598635,0.02698636,St Lawrence Alt,0.950650103,42,Evergreen Forest,7,BSk,Arid-steppe-cold,This location has high elevation,This location has very high southness,This location has a climate with low precipitation and cooler temperatures.,"This location has forests dominated by trees that retain their leaves throughout the year, typically found in regions with a moderate to high amount of rainfall."
Stahl Peak,787,MT,MONTANA,SNTL,SNOTEL,6030,48.90902,-114.86298,Lincoln,53,10/1/1968,1/1/2100,7.39363,5.29355,48.91726739,-114.8794027,0.018377282,Stahl Peak,-0.371326622,42,Evergreen Forest,18,Dsb,Cold-dry_summer-warm_summer,This location has low elevation,This location has low southness,"This location has a continental climate with warm summers and cold winters, characterized by significant seasonal temperature variation and relatively low precipitation.","This location has forests dominated by trees that retain their leaves throughout the year, typically found in regions with a moderate to high amount of rainfall."
Stampede Pass,788,WA,WASHINGTON,SNTL,SNOTEL,3850,47.27427,-121.34162,King,33,10/1/1979,1/1/2100,322.17853,11.35643,47.26955294,-121.3449687,0.005784858,Stampede Pass,0.153934843,42,Evergreen Forest,9,Csb,Temperate-dry_summer-warm_summer,This location has low elevation,This location has high southness,"This location has a climate with warm, dry summers and mild, wet winters.","This location has forests dominated by trees that retain their leaves throughout the year, typically found in regions with a moderate to high amount of rainfall."
Starr Ridge,789,OR,OREGON,SNTL,SNOTEL,5250,44.26423,-119.02162,Grant,23,10/1/1979,1/1/2100,266.72247,6.70228,44.25821275,-119.0447193,0.023870144,Starr Ridge,-0.387174258,42,Evergreen Forest,7,BSk,Arid-steppe-cold,This location has low elevation,This location has low southness,This location has a climate with low precipitation and cooler temperatures.,"This location has forests dominated by trees that retain their leaves throughout the year, typically found in regions with a moderate to high amount of rainfall."
Steel Creek Park,790,UT,UTAH,SNTL,SNOTEL,10158,40.90862,-110.50462,Summit,43,10/1/1978,1/1/2100,15.52711,14.27436,40.90596611,-110.5275794,0.023112284,Steel Creek Park,-0.974447605,42,Evergreen Forest,26,Dfb,Cold-no_dry_season-warm_summer,This location has very high elevation,This location has low southness,"This location has a climate with warm summers and cold winters, with significant precipitation throughout the year.","This location has forests dominated by trees that retain their leaves throughout the year, typically found in regions with a moderate to high amount of rainfall."
Stevens Pass,791,WA,WASHINGTON,SNTL,SNOTEL,3950,47.74607,-121.09288,King,33,10/1/1979,1/1/2100,332.327,9.18515,47.72409486,-121.0962931,0.022238617,Stevens Pass,0.184277958,42,Evergreen Forest,18,Dsb,Cold-dry_summer-warm_summer,This location has low elevation,This location has high southness,"This location has a continental climate with warm summers and cold winters, characterized by significant seasonal temperature variation and relatively low precipitation.","This location has forests dominated by trees that retain their leaves throughout the year, typically found in regions with a moderate to high amount of rainfall."
Stickney Mill,792,ID,IDAHO,SNTL,SNOTEL,7430,43.86117,-114.20902,Custer,37,10/1/1979,1/1/2100,7.69323,10.54459,43.86048857,-114.1955448,0.013492465,Stickney Mill,-0.144057142,42,Evergreen Forest,18,Dsb,Cold-dry_summer-warm_summer,This location has moderate elevation,This location has moderate southness,"This location has a continental climate with warm summers and cold winters, characterized by significant seasonal temperature variation and relatively low precipitation.","This location has forests dominated by trees that retain their leaves throughout the year, typically found in regions with a moderate to high amount of rainfall."
Stillwater Creek,793,CO,COLORADO,SNTL,SNOTEL,8880,40.22532,-105.9198,Grand,49,10/1/1985,1/1/2100,163.75835,6.93354,40.22415324,-105.9270805,0.007373406,Stillwater Creek,0.558721528,42,Evergreen Forest,26,Dfb,Cold-no_dry_season-warm_summer,This location has high elevation,This location has very high southness,"This location has a climate with warm summers and cold winters, with significant precipitation throughout the year.","This location has forests dominated by trees that retain their leaves throughout the year, typically found in regions with a moderate to high amount of rainfall."
Strawberry,794,OR,OREGON,SNTL,SNOTEL,5770,42.12587,-120.8361,Lake,37,10/1/1979,1/1/2100,197.05495,8.43842,42.09913864,-120.8476175,0.02910701,Strawberry,-0.540734375,42,Evergreen Forest,8,Csa,Temperate-dry_summer-hot_summer,This location has low elevation,This location has low southness,"This location has a climate with hot, dry summers and mild, wet winters.","This location has forests dominated by trees that retain their leaves throughout the year, typically found in regions with a moderate to high amount of rainfall."
Strawberry Divide,795,UT,UTAH,SNTL,SNOTEL,8123,40.16483,-111.20665,Wasatch,51,10/1/1978,1/1/2100,30.37771,11.47084,40.1673355,-111.2114374,0.005403361,Strawberry Divide,-0.451483346,41,Deciduous Forest,26,Dfb,Cold-no_dry_season-warm_summer,This location has high elevation,This location has low southness,"This location has a climate with warm summers and cold winters, with significant precipitation throughout the year.","This location has forests where trees lose their leaves seasonally, typically found in regions with distinct seasons including a warm growing season and a cold winter."
Stump Lakes,797,CO,COLORADO,SNTL,SNOTEL,11248,37.47647,-107.63348,La Plata,67,10/1/1985,1/1/2100,9.22553,7.48859,37.49690174,-107.6056409,0.034532167,Stump Lakes,-0.915505686,42,Evergreen Forest,7,BSk,Arid-steppe-cold,This location has very high elevation,This location has low southness,This location has a climate with low precipitation and cooler temperatures.,"This location has forests dominated by trees that retain their leaves throughout the year, typically found in regions with a moderate to high amount of rainfall."
Sucker Creek,798,WY,WYOMING,SNTL,SNOTEL,8880,44.7225,-107.40033,Sheridan,33,10/1/1978,1/1/2100,154.99156,5.50587,44.71275466,-107.4191342,0.021179465,Sucker Creek,0.346836911,42,Evergreen Forest,26,Dfb,Cold-no_dry_season-warm_summer,This location has high elevation,This location has high southness,"This location has a climate with warm summers and cold winters, with significant precipitation throughout the year.","This location has forests dominated by trees that retain their leaves throughout the year, typically found in regions with a moderate to high amount of rainfall."
Summer Rim,800,OR,OREGON,SNTL,SNOTEL,7080,42.6957,-120.80158,Lake,37,10/1/1978,1/1/2100,330.16806,5.12172,42.66731604,-120.7854486,0.032647689,Summer Rim,0.876187849,71,Grassland_Herbaceous,7,BSk,Arid-steppe-cold,This location has moderate elevation,This location has very high southness,This location has a climate with low precipitation and cooler temperatures.,"This location has areas dominated by grasses and other herbaceous plants, often found in regions with moderate to low rainfall and no trees."
Summit Lake,801,OR,OREGON,SNTL,SNOTEL,5610,43.44907,-122.13808,Klamath,35,10/1/1978,1/1/2100,56.92258,7.29881,43.46276439,-122.1531645,0.020373462,Summit Lake,0.791092781,42,Evergreen Forest,9,Csb,Temperate-dry_summer-warm_summer,This location has low elevation,This location has very high southness,"This location has a climate with warm, dry summers and mild, wet winters.","This location has forests dominated by trees that retain their leaves throughout the year, typically found in regions with a moderate to high amount of rainfall."
Summit Ranch,802,CO,COLORADO,SNTL,SNOTEL,9371,39.71803,-106.1577,Summit,117,10/1/1979,1/1/2100,66.24154,5.09396,39.71279358,-106.1757561,0.018800097,Summit Ranch,0.894927367,42,Evergreen Forest,26,Dfb,Cold-no_dry_season-warm_summer,This location has very high elevation,This location has very high southness,"This location has a climate with warm summers and cold winters, with significant precipitation throughout the year.","This location has forests dominated by trees that retain their leaves throughout the year, typically found in regions with a moderate to high amount of rainfall."
Sunset,803,ID,IDAHO,SNTL,SNOTEL,5540,47.55545,-115.82422,Shoshone,79,10/1/1978,1/1/2100,245.14967,7.06705,47.55364164,-115.8119363,0.012416136,Sunset,0.702100402,42,Evergreen Forest,8,Csa,Temperate-dry_summer-hot_summer,This location has low elevation,This location has very high southness,"This location has a climate with hot, dry summers and mild, wet winters.","This location has forests dominated by trees that retain their leaves throughout the year, typically found in regions with a moderate to high amount of rainfall."
Surprise Lakes,804,WA,WASHINGTON,SNTL,SNOTEL,4290,46.09497,-121.76345,Skamania,59,10/1/1978,1/1/2100,53.91549,2.88974,46.07638041,-121.7801511,0.024989957,Surprise Lakes,-0.217679263,42,Evergreen Forest,9,Csb,Temperate-dry_summer-warm_summer,This location has low elevation,This location has moderate southness,"This location has a climate with warm, dry summers and mild, wet winters.","This location has forests dominated by trees that retain their leaves throughout the year, typically found in regions with a moderate to high amount of rainfall."
Swede Peak,805,ID,IDAHO,SNTL,SNOTEL,7640,43.626,-113.96887,Blaine,13,10/1/1978,1/1/2100,14.05692,9.31056,43.63321761,-113.9468691,0.023154522,Swede Peak,0.009135914,42,Evergreen Forest,7,BSk,Arid-steppe-cold,This location has moderate elevation,This location has high southness,This location has a climate with low precipitation and cooler temperatures.,"This location has forests dominated by trees that retain their leaves throughout the year, typically found in regions with a moderate to high amount of rainfall."
Sylvan Lake,806,WY,WYOMING,SNTL,SNOTEL,8420,44.47764,-110.15651,Park,29,10/1/1978,1/1/2100,198.85701,1.80155,44.48548371,-110.154566,0.008081022,Sylvan Lake,-0.576767767,42,Evergreen Forest,26,Dfb,Cold-no_dry_season-warm_summer,This location has high elevation,This location has low southness,"This location has a climate with warm summers and cold winters, with significant precipitation throughout the year.","This location has forests dominated by trees that retain their leaves throughout the year, typically found in regions with a moderate to high amount of rainfall."
Sylvan Road,807,WY,WYOMING,SNTL,SNOTEL,7120,44.47825,-110.03808,Park,29,10/1/1986,1/1/2100,170.4953,12.49482,44.48548371,-110.0302282,0.01067603,Sylvan Road,-0.047219679,42,Evergreen Forest,26,Dfb,Cold-no_dry_season-warm_summer,This location has moderate elevation,This location has moderate southness,"This location has a climate with warm summers and cold winters, with significant precipitation throughout the year.","This location has forests dominated by trees that retain their leaves throughout the year, typically found in regions with a moderate to high amount of rainfall."
Tahoe City Cross,809,CA,CALIFORNIA,SNTL,SNOTEL,6797,39.17162,-120.15362,Placer,61,10/1/1980,1/1/2100,81.71317,5.79247,39.14461619,-120.1637595,0.028844693,Tahoe City Cross,-0.471019234,42,Evergreen Forest,8,Csa,Temperate-dry_summer-hot_summer,This location has moderate elevation,This location has low southness,"This location has a climate with hot, dry summers and mild, wet winters.","This location has forests dominated by trees that retain their leaves throughout the year, typically found in regions with a moderate to high amount of rainfall."
Taylor Butte,810,OR,OREGON,SNTL,SNOTEL,5030,42.69108,-121.42592,Klamath,35,10/1/1978,1/1/2100,120.99636,1.10366,42.66731604,-121.4071376,0.030290315,Taylor Butte,-0.040203419,42,Evergreen Forest,8,Csa,Temperate-dry_summer-hot_summer,This location has low elevation,This location has moderate southness,"This location has a climate with hot, dry summers and mild, wet winters.","This location has forests dominated by trees that retain their leaves throughout the year, typically found in regions with a moderate to high amount of rainfall."
Taylor Canyon,811,NV,NEVADA,SNTL,SNOTEL,6325,41.2287,-116.0293,Elko,7,10/1/1980,1/1/2100,272.66031,2.78284,41.24687255,-115.998443,0.035810582,Taylor Canyon,-0.277747576,52,Shrub_Scrub,7,BSk,Arid-steppe-cold,This location has moderate elevation,This location has moderate southness,This location has a climate with low precipitation and cooler temperatures.,"This location has areas dominated by shrubs and small trees, often found in regions with dry or semi-arid climates, or as a transitional stage in forest succession."
Taylor Green,812,OR,OREGON,SNTL,SNOTEL,5740,45.07707,-117.55067,Baker,1,10/1/1978,1/1/2100,21.0175,8.79116,45.0536611,-117.5526656,0.023493805,Taylor Green,-0.332909541,52,Shrub_Scrub,8,Csa,Temperate-dry_summer-hot_summer,This location has low elevation,This location has moderate southness,"This location has a climate with hot, dry summers and mild, wet winters.","This location has areas dominated by shrubs and small trees, often found in regions with dry or semi-arid climates, or as a transitional stage in forest succession."
Tepee Creek,813,MT,MONTANA,SNTL,SNOTEL,8000,44.78562,-111.71,Madison,57,10/1/1971,1/1/2100,72.65777,11.32777,44.7695724,-111.7087886,0.016093255,Tepee Creek,0.870285411,42,Evergreen Forest,26,Dfb,Cold-no_dry_season-warm_summer,This location has high elevation,This location has very high southness,"This location has a climate with warm summers and cold winters, with significant precipitation throughout the year.","This location has forests dominated by trees that retain their leaves throughout the year, typically found in regions with a moderate to high amount of rainfall."
Thaynes Canyon,814,UT,UTAH,SNTL,SNOTEL,9230,40.6235,-111.53322,Summit,43,6/20/1988,1/1/2100,338.8584,16.73574,40.62187742,-111.5222819,0.011057817,Thaynes Canyon,-0.776920842,43,Mixed Forest,7,BSk,Arid-steppe-cold,This location has very high elevation,This location has low southness,This location has a climate with low precipitation and cooler temperatures.,"This location has forests characterized by a combination of both evergreen and deciduous trees, often found in temperate regions with moderate climates."
Three Creeks Meadow,815,OR,OREGON,SNTL,SNOTEL,5690,44.14425,-121.64095,Deschutes,17,10/1/1979,1/1/2100,11.69913,23.13804,44.14457727,-121.6558132,0.014866849,Three Creeks Meadow,-0.589672931,71,Grassland_Herbaceous,9,Csb,Temperate-dry_summer-warm_summer,This location has low elevation,This location has low southness,"This location has a climate with warm, dry summers and mild, wet winters.","This location has areas dominated by grasses and other herbaceous plants, often found in regions with moderate to low rainfall and no trees."
Thumb Divide,816,WY,WYOMING,SNTL,SNOTEL,7980,44.36917,-110.57717,Teton,39,9/30/1987,1/1/2100,316.17081,4.17865,44.37184823,-110.5897483,0.012860284,Thumb Divide,0.36727868,52,Shrub_Scrub,18,Dsb,Cold-dry_summer-warm_summer,This location has high elevation,This location has high southness,"This location has a continental climate with warm summers and cold winters, characterized by significant seasonal temperature variation and relatively low precipitation.","This location has areas dominated by shrubs and small trees, often found in regions with dry or semi-arid climates, or as a transitional stage in forest succession."
Thunder Basin,817,WA,WASHINGTON,SNTL,SNOTEL,4320,48.52753,-120.9895,Skagit,57,9/30/1987,1/1/2100,272.48102,2.56653,48.51954321,-120.9719553,0.019277064,Thunder Basin,-0.364019457,42,Evergreen Forest,18,Dsb,Cold-dry_summer-warm_summer,This location has low elevation,This location has low southness,"This location has a continental climate with warm summers and cold winters, characterized by significant seasonal temperature variation and relatively low precipitation.","This location has forests dominated by trees that retain their leaves throughout the year, typically found in regions with a moderate to high amount of rainfall."
Timber Creek,819,WY,WYOMING,SNTL,SNOTEL,7950,44.0274,-109.17879,Park,29,8/1/1967,1/1/2100,266.7916,1.31042,44.03094179,-109.1598635,0.019255023,Timber Creek,-0.937723348,42,Evergreen Forest,7,BSk,Arid-steppe-cold,This location has high elevation,This location has low southness,This location has a climate with low precipitation and cooler temperatures.,"This location has forests dominated by trees that retain their leaves throughout the year, typically found in regions with a moderate to high amount of rainfall."
Timpanogos Divide,820,UT,UTAH,SNTL,SNOTEL,8140,40.42817,-111.61633,Utah,49,10/1/1978,1/1/2100,343.72076,7.45041,40.4514242,-111.6466197,0.038186683,Timpanogos Divide,-0.257366018,41,Deciduous Forest,7,BSk,Arid-steppe-cold,This location has high elevation,This location has moderate southness,This location has a climate with low precipitation and cooler temperatures.,"This location has forests where trees lose their leaves seasonally, typically found in regions with distinct seasons including a warm growing season and a cold winter."
Tipton,821,OR,OREGON,SNTL,SNOTEL,5150,44.65567,-118.42617,Baker,1,10/1/1978,1/1/2100,332.98898,5.98809,44.65593692,-118.4230302,0.003151093,Tipton,-0.290773794,42,Evergreen Forest,18,Dsb,Cold-dry_summer-warm_summer,This location has low elevation,This location has moderate southness,"This location has a continental climate with warm summers and cold winters, characterized by significant seasonal temperature variation and relatively low precipitation.","This location has forests dominated by trees that retain their leaves throughout the year, typically found in regions with a moderate to high amount of rainfall."
Tizer Basin,893,MT,MONTANA,SNTL,SNOTEL,6880,46.34937,-111.85308,Jefferson,43,10/1/1987,1/1/2100,182.76936,5.62732,46.36046911,-111.8331264,0.022832795,Tizer Basin,-0.517668482,42,Evergreen Forest,7,BSk,Arid-steppe-cold,This location has moderate elevation,This location has low southness,This location has a climate with low precipitation and cooler temperatures.,"This location has forests dominated by trees that retain their leaves throughout the year, typically found in regions with a moderate to high amount of rainfall."
Togwotee Pass,822,WY,WYOMING,SNTL,SNOTEL,9580,43.74902,-110.0578,Teton,39,10/1/1960,1/1/2100,221.54486,1.77907,43.74685309,-110.0302282,0.027656841,Togwotee Pass,-0.061185619,52,Shrub_Scrub,26,Dfb,Cold-no_dry_season-warm_summer,This location has very high elevation,This location has moderate southness,"This location has a climate with warm summers and cold winters, with significant precipitation throughout the year.","This location has areas dominated by shrubs and small trees, often found in regions with dry or semi-arid climates, or as a transitional stage in forest succession."
Tony Grove Lake,823,UT,UTAH,SNTL,SNOTEL,8474,41.89833,-111.62957,Cache,5,10/1/1978,1/1/2100,121.99172,5.49901,41.87186769,-111.6466197,0.031479291,Tony Grove Lake,0.609209679,43,Mixed Forest,7,BSk,Arid-steppe-cold,This location has high elevation,This location has very high southness,This location has a climate with low precipitation and cooler temperatures.,"This location has forests characterized by a combination of both evergreen and deciduous trees, often found in temperate regions with moderate climates."
Touchet,824,WA,WASHINGTON,SNTL,SNOTEL,5530,46.11868,-117.8505,Columbia,13,10/1/1979,1/1/2100,222.53909,5.33811,46.13319815,-117.8635101,0.019494598,Touchet,0.705811458,42,Evergreen Forest,8,Csa,Temperate-dry_summer-hot_summer,This location has low elevation,This location has very high southness,"This location has a climate with hot, dry summers and mild, wet winters.","This location has forests dominated by trees that retain their leaves throughout the year, typically found in regions with a moderate to high amount of rainfall."
Tower,825,CO,COLORADO,SNTL,SNOTEL,10620,40.5374,-106.67655,Routt,107,10/1/1978,1/1/2100,189.39897,1.72184,40.56505968,-106.6731074,0.027873097,Tower,0.611887765,90,Woody Wetlands,26,Dfb,Cold-no_dry_season-warm_summer,This location has very high elevation,This location has very high southness,"This location has a climate with warm summers and cold winters, with significant precipitation throughout the year.","This location has wetlands with a predominance of woody plants, including shrubs and small trees, often found in areas with periodic flooding or high water tables."
Townsend Creek,826,WY,WYOMING,SNTL,SNOTEL,8700,42.69525,-108.89572,Fremont,13,10/1/1979,1/1/2100,26.31809,7.32216,42.66731604,-108.9111879,0.031930584,Townsend Creek,0.324046162,42,Evergreen Forest,7,BSk,Arid-steppe-cold,This location has high elevation,This location has high southness,This location has a climate with low precipitation and cooler temperatures.,"This location has forests dominated by trees that retain their leaves throughout the year, typically found in regions with a moderate to high amount of rainfall."
Trapper Lake,827,CO,COLORADO,SNTL,SNOTEL,9759,39.99881,-107.23618,Garfield,45,10/1/1985,1/1/2100,343.54199,3.15919,39.99688228,-107.2326275,0.004041832,Trapper Lake,0.007849812,71,Grassland_Herbaceous,26,Dfb,Cold-no_dry_season-warm_summer,This location has very high elevation,This location has high southness,"This location has a climate with warm summers and cold winters, with significant precipitation throughout the year.","This location has areas dominated by grasses and other herbaceous plants, often found in regions with moderate to low rainfall and no trees."
Trial Lake,828,UT,UTAH,SNTL,SNOTEL,9992,40.678,-110.94873,Summit,43,10/1/1978,1/1/2100,267.82913,6.33366,40.67869516,-110.9627617,0.014048949,Trial Lake,-0.035376485,42,Evergreen Forest,26,Dfb,Cold-no_dry_season-warm_summer,This location has very high elevation,This location has moderate southness,"This location has a climate with warm summers and cold winters, with significant precipitation throughout the year.","This location has forests dominated by trees that retain their leaves throughout the year, typically found in regions with a moderate to high amount of rainfall."
Trinchera,829,CO,COLORADO,SNTL,SNOTEL,10922,37.35296,-105.23259,Costilla,23,10/1/1988,1/1/2100,23.64714,4.80761,37.32644852,-105.2432226,0.028564135,Trinchera,-0.0847066,41,Deciduous Forest,7,BSk,Arid-steppe-cold,This location has very high elevation,This location has moderate southness,This location has a climate with low precipitation and cooler temperatures.,"This location has forests where trees lose their leaves seasonally, typically found in regions with distinct seasons including a warm growing season and a cold winter."
Trinity Mtn,830,ID,IDAHO,SNTL,SNOTEL,7770,43.62903,-115.43818,Elmore,39,10/1/1978,1/1/2100,305.73621,10.61232,43.63321761,-115.4389228,0.004252988,Trinity Mtn,0.499759696,71,Grassland_Herbaceous,17,Dsa,Cold-dry_summer-hot_summer,This location has moderate elevation,This location has very high southness,"This location has a continental climate with hot summers and cold winters, featuring significant seasonal temperature variation and relatively low precipitation.","This location has areas dominated by grasses and other herbaceous plants, often found in regions with moderate to low rainfall and no trees."
Triple Peak,831,WY,WYOMING,SNTL,SNOTEL,8500,42.76393,-110.5914,Sublette,35,10/1/1984,1/1/2100,53.72647,9.68997,42.78095152,-110.5897483,0.017101467,Triple Peak,0.24883932,42,Evergreen Forest,26,Dfb,Cold-no_dry_season-warm_summer,This location has high elevation,This location has high southness,"This location has a climate with warm summers and cold winters, with significant precipitation throughout the year.","This location has forests dominated by trees that retain their leaves throughout the year, typically found in regions with a moderate to high amount of rainfall."
Trough,832,WA,WASHINGTON,SNTL,SNOTEL,5480,47.23328,-120.29412,Kittitas,37,10/1/1978,1/1/2100,30.24143,7.82019,47.2127352,-120.2880974,0.021409364,Trough,0.385787201,52,Shrub_Scrub,5,BWk,Arid-desert-cold,This location has low elevation,This location has very high southness,This location has a climate with very low precipitation and cooler temperatures.,"This location has areas dominated by shrubs and small trees, often found in regions with dry or semi-arid climates, or as a transitional stage in forest succession."
Trout Creek,833,UT,UTAH,SNTL,SNOTEL,9518,40.739,-109.6728,Uintah,47,10/1/1978,1/1/2100,26.75024,10.29819,40.7355129,-109.6572148,0.015970592,Trout Creek,0.035785563,42,Evergreen Forest,7,BSk,Arid-steppe-cold,This location has very high elevation,This location has high southness,This location has a climate with low precipitation and cooler temperatures.,"This location has forests dominated by trees that retain their leaves throughout the year, typically found in regions with a moderate to high amount of rainfall."
Truckee 2,834,CA,CALIFORNIA,SNTL,SNOTEL,6509,39.30087,-120.18407,Placer,61,10/1/1980,1/1/2100,65.05423,10.00929,39.31506941,-120.1637595,0.0247818,Truckee #2,0.334631217,42,Evergreen Forest,8,Csa,Temperate-dry_summer-hot_summer,This location has moderate elevation,This location has high southness,"This location has a climate with hot, dry summers and mild, wet winters.","This location has forests dominated by trees that retain their leaves throughout the year, typically found in regions with a moderate to high amount of rainfall."
Twelvemile Creek,835,MT,MONTANA,SNTL,SNOTEL,5600,46.14287,-114.44755,Ravalli,81,10/1/1967,1/1/2100,194.53625,9.69362,46.13319815,-114.4442204,0.010228933,Twelvemile Creek,-0.257843878,42,Evergreen Forest,7,BSk,Arid-steppe-cold,This location has low elevation,This location has moderate southness,This location has a climate with low precipitation and cooler temperatures.,"This location has forests dominated by trees that retain their leaves throughout the year, typically found in regions with a moderate to high amount of rainfall."
Twin Lakes,836,MT,MONTANA,SNTL,SNOTEL,6400,46.1438,-114.5056,Ravalli,81,10/1/1967,1/1/2100,49.84281,9.35947,46.13319815,-114.5063893,0.010631186,Twin Lakes,0.059518266,42,Evergreen Forest,18,Dsb,Cold-dry_summer-warm_summer,This location has moderate elevation,This location has high southness,"This location has a continental climate with warm summers and cold winters, characterized by significant seasonal temperature variation and relatively low precipitation.","This location has forests dominated by trees that retain their leaves throughout the year, typically found in regions with a moderate to high amount of rainfall."
Two Ocean Plateau,837,WY,WYOMING,SNTL,SNOTEL,9240,44.15178,-110.22122,Teton,39,10/1/1979,1/1/2100,0.80585,18.52943,44.14457727,-110.2167349,0.008485019,Two Ocean Plateau,-0.217919574,52,Shrub_Scrub,26,Dfb,Cold-no_dry_season-warm_summer,This location has very high elevation,This location has moderate southness,"This location has a climate with warm summers and cold winters, with significant precipitation throughout the year.","This location has areas dominated by shrubs and small trees, often found in regions with dry or semi-arid climates, or as a transitional stage in forest succession."
University Camp,838,CO,COLORADO,SNTL,SNOTEL,10360,40.03307,-105.57562,Boulder,13,10/1/1978,1/1/2100,114.50619,2.74504,40.05370002,-105.5540671,0.02983498,University Camp,0.062275522,42,Evergreen Forest,26,Dfb,Cold-no_dry_season-warm_summer,This location has very high elevation,This location has high southness,"This location has a climate with warm summers and cold winters, with significant precipitation throughout the year.","This location has forests dominated by trees that retain their leaves throughout the year, typically found in regions with a moderate to high amount of rainfall."
Upper Rio Grande,839,CO,COLORADO,SNTL,SNOTEL,9379,37.72172,-107.25971,Hinsdale,53,10/1/1985,1/1/2100,10.54665,13.80469,37.7241727,-107.2326275,0.027193343,Upper Rio Grande,-0.410229617,42,Evergreen Forest,26,Dfb,Cold-no_dry_season-warm_summer,This location has very high elevation,This location has low southness,"This location has a climate with warm summers and cold winters, with significant precipitation throughout the year.","This location has forests dominated by trees that retain their leaves throughout the year, typically found in regions with a moderate to high amount of rainfall."
Upper San Juan,840,CO,COLORADO,SNTL,SNOTEL,10140,37.48563,-106.83528,Mineral,79,10/1/1978,1/1/2100,181.50966,8.31766,37.49690174,-106.8596141,0.026817887,Upper San Juan,0.682518865,41,Deciduous Forest,18,Dsb,Cold-dry_summer-warm_summer,This location has very high elevation,This location has very high southness,"This location has a continental climate with warm summers and cold winters, characterized by significant seasonal temperature variation and relatively low precipitation.","This location has forests where trees lose their leaves seasonally, typically found in regions with distinct seasons including a warm growing season and a cold winter."
Upper Wheeler,841,WA,WASHINGTON,SNTL,SNOTEL,4330,47.28734,-120.37015,Chelan,7,10/1/1979,1/1/2100,80.95456,8.82247,47.26955294,-120.3502663,0.026678502,Upper Wheeler,0.423363826,42,Evergreen Forest,5,BWk,Arid-desert-cold,This location has low elevation,This location has very high southness,This location has a climate with very low precipitation and cooler temperatures.,"This location has forests dominated by trees that retain their leaves throughout the year, typically found in regions with a moderate to high amount of rainfall."
Vail Mountain,842,CO,COLORADO,SNTL,SNOTEL,10310,39.61765,-106.38019,Eagle,37,10/1/1978,1/1/2100,32.26996,10.61688,39.5991581,-106.3622628,0.02575526,Vail Mountain,-0.610401582,23,Developed_Medium Intensity,26,Dfb,Cold-no_dry_season-warm_summer,This location has very high elevation,This location has low southness,"This location has a climate with warm summers and cold winters, with significant precipitation throughout the year.","This location has urban areas with medium-density development, including commercial and residential areas with higher building density and less open space."
Vallecito,843,CO,COLORADO,SNTL,SNOTEL,10782,37.48524,-107.50748,La Plata,67,10/1/1985,1/1/2100,142.18472,9.64612,37.49690174,-107.4813031,0.028657038,Vallecito,0.150886103,42,Evergreen Forest,7,BSk,Arid-steppe-cold,This location has very high elevation,This location has high southness,This location has a climate with low precipitation and cooler temperatures.,"This location has forests dominated by trees that retain their leaves throughout the year, typically found in regions with a moderate to high amount of rainfall."
Vernon Creek,844,UT,UTAH,SNTL,SNOTEL,7401,39.93667,-112.41478,Tooele,45,10/1/1978,1/1/2100,92.54684,17.58738,39.94006454,-112.3926465,0.022392258,Vernon Creek,0.123644744,52,Shrub_Scrub,7,BSk,Arid-steppe-cold,This location has moderate elevation,This location has high southness,This location has a climate with low precipitation and cooler temperatures.,"This location has areas dominated by shrubs and small trees, often found in regions with dry or semi-arid climates, or as a transitional stage in forest succession."
Vienna Mine,845,ID,IDAHO,SNTL,SNOTEL,8960,43.79942,-114.85273,Blaine,13,10/1/1978,1/1/2100,78.84251,6.43501,43.80367083,-114.8794027,0.027009302,Vienna Mine,-0.144366166,71,Grassland_Herbaceous,18,Dsb,Cold-dry_summer-warm_summer,This location has high elevation,This location has moderate southness,"This location has a continental climate with warm summers and cold winters, characterized by significant seasonal temperature variation and relatively low precipitation.","This location has areas dominated by grasses and other herbaceous plants, often found in regions with moderate to low rainfall and no trees."
Virginia Lakes Ridge,846,CA,CALIFORNIA,SNTL,SNOTEL,9400,38.07298,-119.23433,Mono,51,10/1/1978,1/1/2100,21.03751,10.74875,38.06507914,-119.231226,0.00848873,Virginia Lakes Ridge,0.561180444,42,Evergreen Forest,18,Dsb,Cold-dry_summer-warm_summer,This location has very high elevation,This location has very high southness,"This location has a continental climate with warm summers and cold winters, characterized by significant seasonal temperature variation and relatively low precipitation.","This location has forests dominated by trees that retain their leaves throughout the year, typically found in regions with a moderate to high amount of rainfall."
Waldron,847,MT,MONTANA,SNTL,SNOTEL,5600,47.91998,-112.79087,Teton,99,10/1/1968,1/1/2100,76.46727,18.0548,47.89454808,-112.76566,0.035809619,Waldron,-0.343258039,42,Evergreen Forest,26,Dfb,Cold-no_dry_season-warm_summer,This location has low elevation,This location has moderate southness,"This location has a climate with warm summers and cold winters, with significant precipitation throughout the year.","This location has forests dominated by trees that retain their leaves throughout the year, typically found in regions with a moderate to high amount of rainfall."
Ward Creek 3,848,CA,CALIFORNIA,SNTL,SNOTEL,6745,39.13545,-120.21865,Placer,61,10/1/1979,1/1/2100,3.09866,8.05278,39.14461619,-120.2259285,0.011704481,Ward Creek #3,-0.979401282,42,Evergreen Forest,8,Csa,Temperate-dry_summer-hot_summer,This location has moderate elevation,This location has low southness,"This location has a climate with hot, dry summers and mild, wet winters.","This location has forests dominated by trees that retain their leaves throughout the year, typically found in regions with a moderate to high amount of rainfall."
Ward Mountain,849,NV,NEVADA,SNTL,SNOTEL,9163,39.13242,-114.95575,White Pine,33,10/1/1980,1/1/2100,194.84579,6.12162,39.14461619,-114.9415716,0.018702245,Ward Mountain,-0.160501912,41,Deciduous Forest,7,BSk,Arid-steppe-cold,This location has very high elevation,This location has moderate southness,This location has a climate with low precipitation and cooler temperatures.,"This location has forests where trees lose their leaves seasonally, typically found in regions with distinct seasons including a warm growing season and a cold winter."
Warm Springs,850,MT,MONTANA,SNTL,SNOTEL,7800,46.27368,-113.164,Granite,39,7/1/1977,1/1/2100,48.5555,10.7572,46.24683363,-113.1386734,0.036907519,Warm Springs,0.134814109,42,Evergreen Forest,26,Dfb,Cold-no_dry_season-warm_summer,This location has moderate elevation,This location has high southness,"This location has a climate with warm summers and cold winters, with significant precipitation throughout the year.","This location has forests dominated by trees that retain their leaves throughout the year, typically found in regions with a moderate to high amount of rainfall."
Webber Springs,852,WY,WYOMING,SNTL,SNOTEL,9260,41.1591,-106.92809,Carbon,7,2/1/1976,1/1/2100,85.05148,7.29062,41.13323707,-106.921783,0.026620849,Webber Springs,-0.82349288,42,Evergreen Forest,7,BSk,Arid-steppe-cold,This location has very high elevation,This location has low southness,This location has a climate with low precipitation and cooler temperatures.,"This location has forests dominated by trees that retain their leaves throughout the year, typically found in regions with a moderate to high amount of rainfall."
Webster Flat,853,UT,UTAH,SNTL,SNOTEL,9203,37.575,-112.90155,Iron,21,7/22/1980,1/1/2100,173.00044,8.65642,37.55371948,-112.8899978,0.024213934,Webster Flat,-0.67927316,41,Deciduous Forest,7,BSk,Arid-steppe-cold,This location has very high elevation,This location has low southness,This location has a climate with low precipitation and cooler temperatures.,"This location has forests where trees lose their leaves seasonally, typically found in regions with distinct seasons including a warm growing season and a cold winter."
Wesner Springs,854,NM,NEW MEXICO,SNTL,SNOTEL,11151,35.77584,-105.54337,San Miguel,47,10/1/1988,1/1/2100,110.35692,12.15621,35.79236955,-105.5540671,0.019688924,Wesner Springs,0.367096132,21,Developed_Open Space,7,BSk,Arid-steppe-cold,This location has very high elevation,This location has high southness,This location has a climate with low precipitation and cooler temperatures.,"This location has urban areas with open spaces and low-density development, such as parks, golf courses, and other recreational areas."
West Branch,855,ID,IDAHO,SNTL,SNOTEL,5560,45.0722,-116.45413,Adams,3,10/1/1979,1/1/2100,149.33672,14.79859,45.0536611,-116.4336253,0.027642964,West Branch,0.08746652,42,Evergreen Forest,18,Dsb,Cold-dry_summer-warm_summer,This location has low elevation,This location has high southness,"This location has a continental climate with warm summers and cold winters, characterized by significant seasonal temperature variation and relatively low precipitation.","This location has forests dominated by trees that retain their leaves throughout the year, typically found in regions with a moderate to high amount of rainfall."
West Yellowstone,924,MT,MONTANA,SNTL,SNOTEL,6700,44.65866,-111.09199,Gallatin,31,10/1/1966,1/1/2100,248.47099,0.16237,44.65593692,-111.0870995,0.005597469,West Yellowstone,-0.155128744,42,Evergreen Forest,26,Dfb,Cold-no_dry_season-warm_summer,This location has moderate elevation,This location has moderate southness,"This location has a climate with warm summers and cold winters, with significant precipitation throughout the year.","This location has forests dominated by trees that retain their leaves throughout the year, typically found in regions with a moderate to high amount of rainfall."
Whiskey Ck,857,CO,COLORADO,SNTL,SNOTEL,10290,37.21423,-105.12262,Las Animas,71,10/1/1979,1/1/2100,185.8447,14.08743,37.21281304,-105.1188848,0.003994976,Whiskey Ck,-0.880896757,43,Mixed Forest,7,BSk,Arid-steppe-cold,This location has very high elevation,This location has low southness,This location has a climate with low precipitation and cooler temperatures.,"This location has forests characterized by a combination of both evergreen and deciduous trees, often found in temperate regions with moderate climates."
Whiskey Creek,858,MT,MONTANA,SNTL,SNOTEL,6800,44.61088,-111.14998,Gallatin,31,10/1/1967,1/1/2100,298.34619,1.21761,44.59911918,-111.1492685,0.01178232,Whiskey Creek,-0.93309684,42,Evergreen Forest,26,Dfb,Cold-no_dry_season-warm_summer,This location has moderate elevation,This location has low southness,"This location has a climate with warm summers and cold winters, with significant precipitation throughout the year.","This location has forests dominated by trees that retain their leaves throughout the year, typically found in regions with a moderate to high amount of rainfall."
Whiskey Park,859,WY,WYOMING,SNTL,SNOTEL,9020,41.00368,-106.90795,Carbon,7,10/1/1985,1/1/2100,209.93498,14.92978,41.01960159,-106.921783,0.021091426,Whiskey Park,-0.59782604,42,Evergreen Forest,7,BSk,Arid-steppe-cold,This location has high elevation,This location has low southness,This location has a climate with low precipitation and cooler temperatures.,"This location has forests dominated by trees that retain their leaves throughout the year, typically found in regions with a moderate to high amount of rainfall."
White Elephant,860,ID,IDAHO,SNTL,SNOTEL,7710,44.53267,-111.41085,Fremont,43,10/1/1979,1/1/2100,51.63201,15.4902,44.54230145,-111.3979441,0.016103658,White Elephant,0.043825243,42,Evergreen Forest,26,Dfb,Cold-no_dry_season-warm_summer,This location has moderate elevation,This location has high southness,"This location has a climate with warm summers and cold winters, with significant precipitation throughout the year.","This location has forests dominated by trees that retain their leaves throughout the year, typically found in regions with a moderate to high amount of rainfall."
White Horse Lake,861,AZ,ARIZONA,SNTL,SNOTEL,7203,35.14189,-112.14966,Coconino,5,11/1/1970,1/1/2100,23.93273,5.22372,35.16737442,-112.1439709,0.026111708,White Horse Lake,-0.316000882,42,Evergreen Forest,7,BSk,Arid-steppe-cold,This location has moderate elevation,This location has moderate southness,This location has a climate with low precipitation and cooler temperatures.,"This location has forests dominated by trees that retain their leaves throughout the year, typically found in regions with a moderate to high amount of rainfall."
White Mill,862,MT,MONTANA,SNTL,SNOTEL,8700,45.04575,-109.90987,Park,67,10/1/1966,1/1/2100,47.54961,5.59775,45.0536611,-109.9058904,0.008855675,White Mill,0.576508562,42,Evergreen Forest,26,Dfb,Cold-no_dry_season-warm_summer,This location has high elevation,This location has very high southness,"This location has a climate with warm summers and cold winters, with significant precipitation throughout the year.","This location has forests dominated by trees that retain their leaves throughout the year, typically found in regions with a moderate to high amount of rainfall."
White River 1,864,UT,UTAH,SNTL,SNOTEL,8641,39.9645,-110.98845,Wasatch,51,10/1/1978,1/1/2100,264.03482,7.03052,39.94006454,-110.9627617,0.03545389,White River #1,0.672937388,21,Developed_Open Space,7,BSk,Arid-steppe-cold,This location has high elevation,This location has very high southness,This location has a climate with low precipitation and cooler temperatures.,"This location has urban areas with open spaces and low-density development, such as parks, golf courses, and other recreational areas."
Widtsoe 3,865,UT,UTAH,SNTL,SNOTEL,9640,37.83633,-111.88163,Garfield,17,10/1/1978,1/1/2100,339.04626,15.77382,37.83780818,-111.8952953,0.013745016,Widtsoe #3,-0.063831966,42,Evergreen Forest,7,BSk,Arid-steppe-cold,This location has very high elevation,This location has moderate southness,This location has a climate with low precipitation and cooler temperatures.,"This location has forests dominated by trees that retain their leaves throughout the year, typically found in regions with a moderate to high amount of rainfall."
Wildcat,866,AZ,ARIZONA,SNTL,SNOTEL,7868,33.74347,-109.48078,Apache,1,10/1/1983,1/1/2100,99.58277,0.82821,33.74693093,-109.470708,0.010649995,Wildcat,0.429619842,42,Evergreen Forest,7,BSk,Arid-steppe-cold,This location has high elevation,This location has very high southness,This location has a climate with low precipitation and cooler temperatures.,"This location has forests dominated by trees that retain their leaves throughout the year, typically found in regions with a moderate to high amount of rainfall."
Wildhorse Divide,867,ID,IDAHO,SNTL,SNOTEL,6490,42.75743,-112.47783,Bannock,5,10/1/1979,1/1/2100,48.49767,5.88269,42.78095152,-112.4548154,0.032907931,Wildhorse Divide,0.076315618,42,Evergreen Forest,7,BSk,Arid-steppe-cold,This location has moderate elevation,This location has high southness,This location has a climate with low precipitation and cooler temperatures.,"This location has forests dominated by trees that retain their leaves throughout the year, typically found in regions with a moderate to high amount of rainfall."
Willow Creek,868,WY,WYOMING,SNTL,SNOTEL,8080,42.81513,-110.83515,Lincoln,23,10/1/1979,1/1/2100,79.60091,8.87969,42.83776926,-110.8384239,0.022874761,Willow Creek,-0.252982077,42,Evergreen Forest,26,Dfb,Cold-no_dry_season-warm_summer,This location has high elevation,This location has moderate southness,"This location has a climate with warm summers and cold winters, with significant precipitation throughout the year.","This location has forests dominated by trees that retain their leaves throughout the year, typically found in regions with a moderate to high amount of rainfall."
Willow Creek Pass,869,CO,COLORADO,SNTL,SNOTEL,9523,40.34734,-106.0952,Grand,49,10/1/1978,1/1/2100,275.77219,4.12346,40.33778872,-106.1135872,0.020719961,Willow Creek Pass,-0.642395473,42,Evergreen Forest,26,Dfb,Cold-no_dry_season-warm_summer,This location has very high elevation,This location has low southness,"This location has a climate with warm summers and cold winters, with significant precipitation throughout the year.","This location has forests dominated by trees that retain their leaves throughout the year, typically found in regions with a moderate to high amount of rainfall."
Willow Park,870,CO,COLORADO,SNTL,SNOTEL,10732,40.43397,-105.73588,Larimer,69,10/1/1979,1/1/2100,165.28928,7.99793,40.4514242,-105.7405738,0.018074311,Willow Park,-0.344612993,42,Evergreen Forest,26,Dfb,Cold-no_dry_season-warm_summer,This location has very high elevation,This location has moderate southness,"This location has a climate with warm summers and cold winters, with significant precipitation throughout the year.","This location has forests dominated by trees that retain their leaves throughout the year, typically found in regions with a moderate to high amount of rainfall."
Wilson Creek,871,ID,IDAHO,SNTL,SNOTEL,7120,42.01257,-115.00278,Twin Falls,83,10/1/1989,1/1/2100,150.03506,11.11054,41.98550317,-115.0037405,0.027083872,Wilson Creek,-0.71910099,52,Shrub_Scrub,7,BSk,Arid-steppe-cold,This location has moderate elevation,This location has low southness,This location has a climate with low precipitation and cooler temperatures.,"This location has areas dominated by shrubs and small trees, often found in regions with dry or semi-arid climates, or as a transitional stage in forest succession."
Windy Peak,872,WY,WYOMING,SNTL,SNOTEL,7915,42.27991,-105.57782,Albany,1,10/1/1979,1/1/2100,340.16058,4.26514,42.26959186,-105.5540671,0.025897202,Windy Peak,-0.582384137,42,Evergreen Forest,7,BSk,Arid-steppe-cold,This location has high elevation,This location has low southness,This location has a climate with low precipitation and cooler temperatures.,"This location has forests dominated by trees that retain their leaves throughout the year, typically found in regions with a moderate to high amount of rainfall."
Wolf Creek,873,OR,OREGON,SNTL,SNOTEL,5630,45.06703,-118.15192,Union,61,10/1/1978,1/1/2100,344.64813,7.4791,45.0536611,-118.1743546,0.026115885,Wolf Creek,0.558504262,42,Evergreen Forest,8,Csa,Temperate-dry_summer-hot_summer,This location has low elevation,This location has very high southness,"This location has a climate with hot, dry summers and mild, wet winters.","This location has forests dominated by trees that retain their leaves throughout the year, typically found in regions with a moderate to high amount of rainfall."
Wolf Creek Summit,874,CO,COLORADO,SNTL,SNOTEL,10957,37.47903,-106.80234,Mineral,79,10/1/1985,1/1/2100,322.41904,11.75283,37.49690174,-106.7974452,0.018529937,Wolf Creek Summit,0.286872427,42,Evergreen Forest,18,Dsb,Cold-dry_summer-warm_summer,This location has very high elevation,This location has high southness,"This location has a continental climate with warm summers and cold winters, characterized by significant seasonal temperature variation and relatively low precipitation.","This location has forests dominated by trees that retain their leaves throughout the year, typically found in regions with a moderate to high amount of rainfall."
Wolverine,875,WY,WYOMING,SNTL,SNOTEL,7650,44.80417,-109.657,Park,29,10/1/1979,1/1/2100,114.70642,11.12946,44.82639014,-109.6572148,0.022221181,Wolverine,0.037936221,52,Shrub_Scrub,26,Dfb,Cold-no_dry_season-warm_summer,This location has moderate elevation,This location has high southness,"This location has a climate with warm summers and cold winters, with significant precipitation throughout the year.","This location has areas dominated by shrubs and small trees, often found in regions with dry or semi-arid climates, or as a transitional stage in forest succession."
Wood Creek,876,MT,MONTANA,SNTL,SNOTEL,5960,47.44847,-112.81428,Lewis and Clark,49,10/1/1978,1/1/2100,301.75815,7.21369,47.44000616,-112.8278289,0.015975238,Wood Creek,0.7909965,42,Evergreen Forest,26,Dfb,Cold-no_dry_season-warm_summer,This location has low elevation,This location has very high southness,"This location has a climate with warm summers and cold winters, with significant precipitation throughout the year.","This location has forests dominated by trees that retain their leaves throughout the year, typically found in regions with a moderate to high amount of rainfall."
Workman Creek,877,AZ,ARIZONA,SNTL,SNOTEL,7032,33.81259,-110.91852,Gila,7,12/1/1938,1/1/2100,314.05963,8.23881,33.80374867,-110.9005928,0.019988805,Workman Creek,0.922266104,52,Shrub_Scrub,6,BSh,Arid-steppe-hot,This location has moderate elevation,This location has very high southness,This location has a climate with low precipitation and high temperatures.,"This location has areas dominated by shrubs and small trees, often found in regions with dry or semi-arid climates, or as a transitional stage in forest succession."
